id_origin,id_destination,people
cod_63_4_18_gadm2-8,cod_63_5_19_gadm2-8,2512.437366
cod_63_4_18_gadm2-8,cod_63_5_20_gadm2-8,7175.298146
cod_63_4_18_gadm2-8,cod_63_5_21_gadm2-8,1286.500651
cod_63_4_18_gadm2-8,cod_63_5_22_gadm2-8,2954.496421
cod_63_4_18_gadm2-8,cod_63_6_23_gadm2-8,743.844483
cod_63_4_18_gadm2-8,cod_63_6_24_gadm2-8,369.723946
cod_63_4_18_gadm2-8,cod_63_6_25_gadm2-8,485.123153
cod_63_4_18_gadm2-8,cod_63_6_26_gadm2-8,738.657004
cod_63_4_18_gadm2-8,cod_63_6_27_gadm2-8,285.084616
cod_63_4_18_gadm2-8,cod_63_6_28_gadm2-8,406.070094
cod_63_4_18_gadm2-8,cod_63_7_29_gadm2-8,2610.666402
cod_63_4_18_gadm2-8,cod_63_8_30_gadm2-8,261.127447
cod_63_4_18_gadm2-8,cod_63_8_31_gadm2-8,469.389719
cod_63_4_18_gadm2-8,cod_63_8_32_gadm2-8,1155.084848
cod_63_4_18_gadm2-8,cod_63_8_33_gadm2-8,518.314981
cod_63_4_18_gadm2-8,cod_63_9_34_gadm2-8,331.306591
cod_63_4_18_gadm2-8,cod_63_9_35_gadm2-8,1263.020972
cod_63_4_18_gadm2-8,cod_63_2_7_gadm2-8,216.872603
cod_63_4_18_gadm2-8,cod_63_2_8_gadm2-8,458.068149
cod_63_4_18_gadm2-8,cod_63_2_9_gadm2-8,787.581938
cod_63_4_18_gadm2-8,cod_63_2_10_gadm2-8,414.433534
cod_63_4_18_gadm2-8,cod_63_3_11_gadm2-8,274.451041
cod_63_4_18_gadm2-8,cod_63_3_12_gadm2-8,236.044071
cod_63_4_18_gadm2-8,cod_63_3_13_gadm2-8,292.394794
cod_63_4_18_gadm2-8,cod_63_3_14_gadm2-8,244.350149
cod_63_4_18_gadm2-8,cod_63_3_15_gadm2-8,89.716842
cod_63_4_18_gadm2-8,cod_63_1_1_gadm2-8,327.516610
cod_63_4_18_gadm2-8,cod_63_1_2_gadm2-8,86.747883
cod_63_4_18_gadm2-8,cod_63_1_3_gadm2-8,389.055747
cod_63_4_18_gadm2-8,cod_63_1_4_gadm2-8,347.457333
cod_63_4_18_gadm2-8,cod_63_1_5_gadm2-8,436.726249
cod_63_4_18_gadm2-8,cod_63_1_6_gadm2-8,330.013831
cod_63_4_18_gadm2-8,cod_63_4_16_gadm2-8,1840.324288
cod_63_4_18_gadm2-8,cod_63_4_17_gadm2-8,3568.936293
cod_63_4_18_gadm2-8,cod_63_9_36_gadm2-8,587.248298
cod_63_4_18_gadm2-8,cod_63_9_37_gadm2-8,573.469190
cod_63_4_18_gadm2-8,cod_63_9_38_gadm2-8,337.052220
cod_63_5_19_gadm2-8,cod_63_4_18_gadm2-8,2458.067433
cod_63_5_19_gadm2-8,cod_63_5_20_gadm2-8,7237.660726
cod_63_5_19_gadm2-8,cod_63_5_21_gadm2-8,1270.829318
cod_63_5_19_gadm2-8,cod_63_5_22_gadm2-8,2614.352416
cod_63_5_19_gadm2-8,cod_63_6_23_gadm2-8,2684.142149
cod_63_5_19_gadm2-8,cod_63_6_24_gadm2-8,422.797525
cod_63_5_19_gadm2-8,cod_63_6_25_gadm2-8,554.740814
cod_63_5_19_gadm2-8,cod_63_6_26_gadm2-8,630.143262
cod_63_5_19_gadm2-8,cod_63_6_27_gadm2-8,296.865236
cod_63_5_19_gadm2-8,cod_63_6_28_gadm2-8,910.023680
cod_63_5_19_gadm2-8,cod_63_7_29_gadm2-8,2655.610051
cod_63_5_19_gadm2-8,cod_63_8_30_gadm2-8,290.278305
cod_63_5_19_gadm2-8,cod_63_8_31_gadm2-8,936.771173
cod_63_5_19_gadm2-8,cod_63_8_32_gadm2-8,1109.484288
cod_63_5_19_gadm2-8,cod_63_8_33_gadm2-8,643.522654
cod_63_5_19_gadm2-8,cod_63_9_34_gadm2-8,315.008652
cod_63_5_19_gadm2-8,cod_63_9_35_gadm2-8,1138.336939
cod_63_5_19_gadm2-8,cod_63_2_7_gadm2-8,193.759483
cod_63_5_19_gadm2-8,cod_63_2_8_gadm2-8,341.698987
cod_63_5_19_gadm2-8,cod_63_2_9_gadm2-8,549.097854
cod_63_5_19_gadm2-8,cod_63_2_10_gadm2-8,343.322467
cod_63_5_19_gadm2-8,cod_63_3_11_gadm2-8,317.155388
cod_63_5_19_gadm2-8,cod_63_3_12_gadm2-8,273.109213
cod_63_5_19_gadm2-8,cod_63_3_13_gadm2-8,330.095730
cod_63_5_19_gadm2-8,cod_63_3_14_gadm2-8,253.421984
cod_63_5_19_gadm2-8,cod_63_3_15_gadm2-8,103.258066
cod_63_5_19_gadm2-8,cod_63_1_1_gadm2-8,331.752332
cod_63_5_19_gadm2-8,cod_63_1_2_gadm2-8,89.174931
cod_63_5_19_gadm2-8,cod_63_1_3_gadm2-8,390.718342
cod_63_5_19_gadm2-8,cod_63_1_4_gadm2-8,353.661519
cod_63_5_19_gadm2-8,cod_63_1_5_gadm2-8,457.859067
cod_63_5_19_gadm2-8,cod_63_1_6_gadm2-8,297.873149
cod_63_5_19_gadm2-8,cod_63_4_16_gadm2-8,387.407679
cod_63_5_19_gadm2-8,cod_63_4_17_gadm2-8,745.727017
cod_63_5_19_gadm2-8,cod_63_9_36_gadm2-8,519.096213
cod_63_5_19_gadm2-8,cod_63_9_37_gadm2-8,567.998153
cod_63_5_19_gadm2-8,cod_63_9_38_gadm2-8,334.374722
cod_63_5_20_gadm2-8,cod_63_4_18_gadm2-8,3734.919179
cod_63_5_20_gadm2-8,cod_63_5_19_gadm2-8,3854.080319
cod_63_5_20_gadm2-8,cod_63_5_21_gadm2-8,1587.517713
cod_63_5_20_gadm2-8,cod_63_5_22_gadm2-8,8913.159470
cod_63_5_20_gadm2-8,cod_63_6_23_gadm2-8,1604.184935
cod_63_5_20_gadm2-8,cod_63_6_24_gadm2-8,566.221105
cod_63_5_20_gadm2-8,cod_63_6_25_gadm2-8,759.086362
cod_63_5_20_gadm2-8,cod_63_6_26_gadm2-8,690.423126
cod_63_5_20_gadm2-8,cod_63_6_27_gadm2-8,419.376510
cod_63_5_20_gadm2-8,cod_63_6_28_gadm2-8,700.842885
cod_63_5_20_gadm2-8,cod_63_7_29_gadm2-8,3747.816232
cod_63_5_20_gadm2-8,cod_63_8_30_gadm2-8,394.240932
cod_63_5_20_gadm2-8,cod_63_8_31_gadm2-8,806.204139
cod_63_5_20_gadm2-8,cod_63_8_32_gadm2-8,1631.509062
cod_63_5_20_gadm2-8,cod_63_8_33_gadm2-8,835.146564
cod_63_5_20_gadm2-8,cod_63_9_34_gadm2-8,467.391369
cod_63_5_20_gadm2-8,cod_63_9_35_gadm2-8,1736.900464
cod_63_5_20_gadm2-8,cod_63_2_7_gadm2-8,289.988925
cod_63_5_20_gadm2-8,cod_63_2_8_gadm2-8,555.300726
cod_63_5_20_gadm2-8,cod_63_2_9_gadm2-8,935.609762
cod_63_5_20_gadm2-8,cod_63_2_10_gadm2-8,539.863890
cod_63_5_20_gadm2-8,cod_63_3_11_gadm2-8,432.482936
cod_63_5_20_gadm2-8,cod_63_3_12_gadm2-8,372.596153
cod_63_5_20_gadm2-8,cod_63_3_13_gadm2-8,451.554406
cod_63_5_20_gadm2-8,cod_63_3_14_gadm2-8,355.357544
cod_63_5_20_gadm2-8,cod_63_3_15_gadm2-8,140.802070
cod_63_5_20_gadm2-8,cod_63_1_1_gadm2-8,476.829034
cod_63_5_20_gadm2-8,cod_63_1_2_gadm2-8,126.962798
cod_63_5_20_gadm2-8,cod_63_1_3_gadm2-8,565.905863
cod_63_5_20_gadm2-8,cod_63_1_4_gadm2-8,507.611349
cod_63_5_20_gadm2-8,cod_63_1_5_gadm2-8,648.216970
cod_63_5_20_gadm2-8,cod_63_1_6_gadm2-8,467.294002
cod_63_5_20_gadm2-8,cod_63_4_16_gadm2-8,876.156627
cod_63_5_20_gadm2-8,cod_63_4_17_gadm2-8,1805.220956
cod_63_5_20_gadm2-8,cod_63_9_36_gadm2-8,799.587549
cod_63_5_20_gadm2-8,cod_63_9_37_gadm2-8,839.358914
cod_63_5_20_gadm2-8,cod_63_9_38_gadm2-8,494.087941
cod_63_5_21_gadm2-8,cod_63_4_18_gadm2-8,1314.244809
cod_63_5_21_gadm2-8,cod_63_5_19_gadm2-8,1328.306387
cod_63_5_21_gadm2-8,cod_63_5_20_gadm2-8,3123.359601
cod_63_5_21_gadm2-8,cod_63_5_22_gadm2-8,1126.748848
cod_63_5_21_gadm2-8,cod_63_6_23_gadm2-8,490.129780
cod_63_5_21_gadm2-8,cod_63_6_24_gadm2-8,338.113050
cod_63_5_21_gadm2-8,cod_63_6_25_gadm2-8,373.523080
cod_63_5_21_gadm2-8,cod_63_6_26_gadm2-8,257.824327
cod_63_5_21_gadm2-8,cod_63_6_27_gadm2-8,276.346879
cod_63_5_21_gadm2-8,cod_63_6_28_gadm2-8,383.920502
cod_63_5_21_gadm2-8,cod_63_7_29_gadm2-8,2368.390739
cod_63_5_21_gadm2-8,cod_63_8_30_gadm2-8,281.946055
cod_63_5_21_gadm2-8,cod_63_8_31_gadm2-8,1267.780024
cod_63_5_21_gadm2-8,cod_63_8_32_gadm2-8,1126.677679
cod_63_5_21_gadm2-8,cod_63_8_33_gadm2-8,606.961000
cod_63_5_21_gadm2-8,cod_63_9_34_gadm2-8,262.576982
cod_63_5_21_gadm2-8,cod_63_9_35_gadm2-8,940.815385
cod_63_5_21_gadm2-8,cod_63_2_7_gadm2-8,191.155331
cod_63_5_21_gadm2-8,cod_63_2_8_gadm2-8,327.292623
cod_63_5_21_gadm2-8,cod_63_2_9_gadm2-8,591.578565
cod_63_5_21_gadm2-8,cod_63_2_10_gadm2-8,386.742208
cod_63_5_21_gadm2-8,cod_63_3_11_gadm2-8,276.321119
cod_63_5_21_gadm2-8,cod_63_3_12_gadm2-8,240.684511
cod_63_5_21_gadm2-8,cod_63_3_13_gadm2-8,288.769705
cod_63_5_21_gadm2-8,cod_63_3_14_gadm2-8,226.240222
cod_63_5_21_gadm2-8,cod_63_3_15_gadm2-8,91.096051
cod_63_5_21_gadm2-8,cod_63_1_1_gadm2-8,322.657533
cod_63_5_21_gadm2-8,cod_63_1_2_gadm2-8,82.656623
cod_63_5_21_gadm2-8,cod_63_1_3_gadm2-8,376.278452
cod_63_5_21_gadm2-8,cod_63_1_4_gadm2-8,276.909523
cod_63_5_21_gadm2-8,cod_63_1_5_gadm2-8,357.909563
cod_63_5_21_gadm2-8,cod_63_1_6_gadm2-8,724.462658
cod_63_5_21_gadm2-8,cod_63_4_16_gadm2-8,259.110499
cod_63_5_21_gadm2-8,cod_63_4_17_gadm2-8,1547.426344
cod_63_5_21_gadm2-8,cod_63_9_36_gadm2-8,452.415286
cod_63_5_21_gadm2-8,cod_63_9_37_gadm2-8,735.703338
cod_63_5_21_gadm2-8,cod_63_9_38_gadm2-8,645.217801
cod_63_5_22_gadm2-8,cod_63_4_18_gadm2-8,2921.634336
cod_63_5_22_gadm2-8,cod_63_5_19_gadm2-8,2644.216157
cod_63_5_22_gadm2-8,cod_63_5_20_gadm2-8,16966.634130
cod_63_5_22_gadm2-8,cod_63_5_21_gadm2-8,1090.176107
cod_63_5_22_gadm2-8,cod_63_6_23_gadm2-8,784.009653
cod_63_5_22_gadm2-8,cod_63_6_24_gadm2-8,277.317997
cod_63_5_22_gadm2-8,cod_63_6_25_gadm2-8,374.233971
cod_63_5_22_gadm2-8,cod_63_6_26_gadm2-8,350.697325
cod_63_5_22_gadm2-8,cod_63_6_27_gadm2-8,205.769285
cod_63_5_22_gadm2-8,cod_63_6_28_gadm2-8,338.661776
cod_63_5_22_gadm2-8,cod_63_7_29_gadm2-8,1834.686013
cod_63_5_22_gadm2-8,cod_63_8_30_gadm2-8,191.751028
cod_63_5_22_gadm2-8,cod_63_8_31_gadm2-8,386.263515
cod_63_5_22_gadm2-8,cod_63_8_32_gadm2-8,801.341342
cod_63_5_22_gadm2-8,cod_63_8_33_gadm2-8,403.685103
cod_63_5_22_gadm2-8,cod_63_9_34_gadm2-8,230.820344
cod_63_5_22_gadm2-8,cod_63_9_35_gadm2-8,859.114859
cod_63_5_22_gadm2-8,cod_63_2_7_gadm2-8,142.727749
cod_63_5_22_gadm2-8,cod_63_2_8_gadm2-8,275.298444
cod_63_5_22_gadm2-8,cod_63_2_9_gadm2-8,463.323201
cod_63_5_22_gadm2-8,cod_63_2_10_gadm2-8,265.437683
cod_63_5_22_gadm2-8,cod_63_3_11_gadm2-8,210.750467
cod_63_5_22_gadm2-8,cod_63_3_12_gadm2-8,181.536610
cod_63_5_22_gadm2-8,cod_63_3_13_gadm2-8,220.190131
cod_63_5_22_gadm2-8,cod_63_3_14_gadm2-8,173.803045
cod_63_5_22_gadm2-8,cod_63_3_15_gadm2-8,68.610359
cod_63_5_22_gadm2-8,cod_63_1_1_gadm2-8,233.790981
cod_63_5_22_gadm2-8,cod_63_1_2_gadm2-8,62.288580
cod_63_5_22_gadm2-8,cod_63_1_3_gadm2-8,278.080229
cod_63_5_22_gadm2-8,cod_63_1_4_gadm2-8,249.792562
cod_63_5_22_gadm2-8,cod_63_1_5_gadm2-8,318.476754
cod_63_5_22_gadm2-8,cod_63_1_6_gadm2-8,227.916878
cod_63_5_22_gadm2-8,cod_63_4_16_gadm2-8,451.654521
cod_63_5_22_gadm2-8,cod_63_4_17_gadm2-8,914.276642
cod_63_5_22_gadm2-8,cod_63_9_36_gadm2-8,395.142890
cod_63_5_22_gadm2-8,cod_63_9_37_gadm2-8,410.153356
cod_63_5_22_gadm2-8,cod_63_9_38_gadm2-8,241.294482
cod_63_6_23_gadm2-8,cod_63_4_18_gadm2-8,731.557869
cod_63_6_23_gadm2-8,cod_63_5_19_gadm2-8,2700.637455
cod_63_6_23_gadm2-8,cod_63_5_20_gadm2-8,3038.460437
cod_63_6_23_gadm2-8,cod_63_5_21_gadm2-8,472.344295
cod_63_6_23_gadm2-8,cod_63_5_22_gadm2-8,781.803106
cod_63_6_23_gadm2-8,cod_63_6_24_gadm2-8,1083.500024
cod_63_6_23_gadm2-8,cod_63_6_25_gadm2-8,2348.752313
cod_63_6_23_gadm2-8,cod_63_6_26_gadm2-8,1062.699878
cod_63_6_23_gadm2-8,cod_63_6_27_gadm2-8,448.897473
cod_63_6_23_gadm2-8,cod_63_6_28_gadm2-8,1102.610359
cod_63_6_23_gadm2-8,cod_63_7_29_gadm2-8,3093.121936
cod_63_6_23_gadm2-8,cod_63_8_30_gadm2-8,276.884465
cod_63_6_23_gadm2-8,cod_63_8_31_gadm2-8,471.074747
cod_63_6_23_gadm2-8,cod_63_8_32_gadm2-8,1189.598718
cod_63_6_23_gadm2-8,cod_63_8_33_gadm2-8,578.103377
cod_63_6_23_gadm2-8,cod_63_9_34_gadm2-8,390.034722
cod_63_6_23_gadm2-8,cod_63_9_35_gadm2-8,1372.204350
cod_63_6_23_gadm2-8,cod_63_2_7_gadm2-8,222.789803
cod_63_6_23_gadm2-8,cod_63_2_8_gadm2-8,358.662099
cod_63_6_23_gadm2-8,cod_63_2_9_gadm2-8,551.860026
cod_63_6_23_gadm2-8,cod_63_2_10_gadm2-8,380.717864
cod_63_6_23_gadm2-8,cod_63_3_11_gadm2-8,364.564163
cod_63_6_23_gadm2-8,cod_63_3_12_gadm2-8,311.520348
cod_63_6_23_gadm2-8,cod_63_3_13_gadm2-8,381.530994
cod_63_6_23_gadm2-8,cod_63_3_14_gadm2-8,292.341660
cod_63_6_23_gadm2-8,cod_63_3_15_gadm2-8,118.124722
cod_63_6_23_gadm2-8,cod_63_1_1_gadm2-8,406.197650
cod_63_6_23_gadm2-8,cod_63_1_2_gadm2-8,109.266182
cod_63_6_23_gadm2-8,cod_63_1_3_gadm2-8,485.154082
cod_63_6_23_gadm2-8,cod_63_1_4_gadm2-8,441.376114
cod_63_6_23_gadm2-8,cod_63_1_5_gadm2-8,570.394730
cod_63_6_23_gadm2-8,cod_63_1_6_gadm2-8,306.577525
cod_63_6_23_gadm2-8,cod_63_4_16_gadm2-8,164.212864
cod_63_6_23_gadm2-8,cod_63_4_17_gadm2-8,571.528425
cod_63_6_23_gadm2-8,cod_63_9_36_gadm2-8,613.426859
cod_63_6_23_gadm2-8,cod_63_9_37_gadm2-8,617.233685
cod_63_6_23_gadm2-8,cod_63_9_38_gadm2-8,361.711241
cod_63_6_24_gadm2-8,cod_63_4_18_gadm2-8,370.908888
cod_63_6_24_gadm2-8,cod_63_5_19_gadm2-8,434.008554
cod_63_6_24_gadm2-8,cod_63_5_20_gadm2-8,1094.822691
cod_63_6_24_gadm2-8,cod_63_5_21_gadm2-8,332.379984
cod_63_6_24_gadm2-8,cod_63_5_22_gadm2-8,282.189180
cod_63_6_24_gadm2-8,cod_63_6_23_gadm2-8,1106.427281
cod_63_6_24_gadm2-8,cod_63_6_25_gadm2-8,2010.050089
cod_63_6_24_gadm2-8,cod_63_6_26_gadm2-8,291.668883
cod_63_6_24_gadm2-8,cod_63_6_27_gadm2-8,2193.264922
cod_63_6_24_gadm2-8,cod_63_6_28_gadm2-8,742.158214
cod_63_6_24_gadm2-8,cod_63_7_29_gadm2-8,3356.322705
cod_63_6_24_gadm2-8,cod_63_8_30_gadm2-8,233.481099
cod_63_6_24_gadm2-8,cod_63_8_31_gadm2-8,336.952465
cod_63_6_24_gadm2-8,cod_63_8_32_gadm2-8,1130.365991
cod_63_6_24_gadm2-8,cod_63_8_33_gadm2-8,447.283081
cod_63_6_24_gadm2-8,cod_63_9_34_gadm2-8,399.819224
cod_63_6_24_gadm2-8,cod_63_9_35_gadm2-8,1344.684024
cod_63_6_24_gadm2-8,cod_63_2_7_gadm2-8,244.665446
cod_63_6_24_gadm2-8,cod_63_2_8_gadm2-8,369.213158
cod_63_6_24_gadm2-8,cod_63_2_9_gadm2-8,572.603427
cod_63_6_24_gadm2-8,cod_63_2_10_gadm2-8,417.537787
cod_63_6_24_gadm2-8,cod_63_3_11_gadm2-8,379.727769
cod_63_6_24_gadm2-8,cod_63_3_12_gadm2-8,322.707966
cod_63_6_24_gadm2-8,cod_63_3_13_gadm2-8,404.843902
cod_63_6_24_gadm2-8,cod_63_3_14_gadm2-8,315.388091
cod_63_6_24_gadm2-8,cod_63_3_15_gadm2-8,123.612247
cod_63_6_24_gadm2-8,cod_63_1_1_gadm2-8,444.352102
cod_63_6_24_gadm2-8,cod_63_1_2_gadm2-8,119.394351
cod_63_6_24_gadm2-8,cod_63_1_3_gadm2-8,520.738201
cod_63_6_24_gadm2-8,cod_63_1_4_gadm2-8,461.857934
cod_63_6_24_gadm2-8,cod_63_1_5_gadm2-8,602.066541
cod_63_6_24_gadm2-8,cod_63_1_6_gadm2-8,329.104619
cod_63_6_24_gadm2-8,cod_63_4_16_gadm2-8,87.703115
cod_63_6_24_gadm2-8,cod_63_4_17_gadm2-8,439.819021
cod_63_6_24_gadm2-8,cod_63_9_36_gadm2-8,594.032049
cod_63_6_24_gadm2-8,cod_63_9_37_gadm2-8,639.619990
cod_63_6_24_gadm2-8,cod_63_9_38_gadm2-8,374.532852
cod_63_6_25_gadm2-8,cod_63_4_18_gadm2-8,415.082488
cod_63_6_25_gadm2-8,cod_63_5_19_gadm2-8,485.694972
cod_63_6_25_gadm2-8,cod_63_5_20_gadm2-8,1251.935286
cod_63_6_25_gadm2-8,cod_63_5_21_gadm2-8,313.150588
cod_63_6_25_gadm2-8,cod_63_5_22_gadm2-8,324.756790
cod_63_6_25_gadm2-8,cod_63_6_23_gadm2-8,2047.988140
cod_63_6_25_gadm2-8,cod_63_6_24_gadm2-8,1717.327695
cod_63_6_25_gadm2-8,cod_63_6_26_gadm2-8,884.862960
cod_63_6_25_gadm2-8,cod_63_6_27_gadm2-8,943.053545
cod_63_6_25_gadm2-8,cod_63_6_28_gadm2-8,397.444468
cod_63_6_25_gadm2-8,cod_63_7_29_gadm2-8,2753.754686
cod_63_6_25_gadm2-8,cod_63_8_30_gadm2-8,228.609476
cod_63_6_25_gadm2-8,cod_63_8_31_gadm2-8,320.829951
cod_63_6_25_gadm2-8,cod_63_8_32_gadm2-8,1121.454311
cod_63_6_25_gadm2-8,cod_63_8_33_gadm2-8,426.988646
cod_63_6_25_gadm2-8,cod_63_9_34_gadm2-8,376.140751
cod_63_6_25_gadm2-8,cod_63_9_35_gadm2-8,1314.044040
cod_63_6_25_gadm2-8,cod_63_2_7_gadm2-8,203.013290
cod_63_6_25_gadm2-8,cod_63_2_8_gadm2-8,302.935825
cod_63_6_25_gadm2-8,cod_63_2_9_gadm2-8,475.397582
cod_63_6_25_gadm2-8,cod_63_2_10_gadm2-8,349.987309
cod_63_6_25_gadm2-8,cod_63_3_11_gadm2-8,314.695941
cod_63_6_25_gadm2-8,cod_63_3_12_gadm2-8,266.864151
cod_63_6_25_gadm2-8,cod_63_3_13_gadm2-8,332.153450
cod_63_6_25_gadm2-8,cod_63_3_14_gadm2-8,256.840967
cod_63_6_25_gadm2-8,cod_63_3_15_gadm2-8,101.677391
cod_63_6_25_gadm2-8,cod_63_1_1_gadm2-8,385.513076
cod_63_6_25_gadm2-8,cod_63_1_2_gadm2-8,102.995251
cod_63_6_25_gadm2-8,cod_63_1_3_gadm2-8,468.378319
cod_63_6_25_gadm2-8,cod_63_1_4_gadm2-8,419.147384
cod_63_6_25_gadm2-8,cod_63_1_5_gadm2-8,537.624782
cod_63_6_25_gadm2-8,cod_63_1_6_gadm2-8,290.150220
cod_63_6_25_gadm2-8,cod_63_4_16_gadm2-8,95.094678
cod_63_6_25_gadm2-8,cod_63_4_17_gadm2-8,404.632229
cod_63_6_25_gadm2-8,cod_63_9_36_gadm2-8,590.732971
cod_63_6_25_gadm2-8,cod_63_9_37_gadm2-8,597.724890
cod_63_6_25_gadm2-8,cod_63_9_38_gadm2-8,349.936089
cod_63_6_26_gadm2-8,cod_63_4_18_gadm2-8,784.246066
cod_63_6_26_gadm2-8,cod_63_5_19_gadm2-8,684.501388
cod_63_6_26_gadm2-8,cod_63_5_20_gadm2-8,1412.563343
cod_63_6_26_gadm2-8,cod_63_5_21_gadm2-8,268.132741
cod_63_6_26_gadm2-8,cod_63_5_22_gadm2-8,377.529316
cod_63_6_26_gadm2-8,cod_63_6_23_gadm2-8,1148.633526
cod_63_6_26_gadm2-8,cod_63_6_24_gadm2-8,308.861908
cod_63_6_26_gadm2-8,cod_63_6_25_gadm2-8,1098.705848
cod_63_6_26_gadm2-8,cod_63_6_27_gadm2-8,239.145436
cod_63_6_26_gadm2-8,cod_63_6_28_gadm2-8,264.858118
cod_63_6_26_gadm2-8,cod_63_7_29_gadm2-8,1792.399967
cod_63_6_26_gadm2-8,cod_63_8_30_gadm2-8,185.575284
cod_63_6_26_gadm2-8,cod_63_8_31_gadm2-8,254.499697
cod_63_6_26_gadm2-8,cod_63_8_32_gadm2-8,896.756978
cod_63_6_26_gadm2-8,cod_63_8_33_gadm2-8,341.780457
cod_63_6_26_gadm2-8,cod_63_9_34_gadm2-8,280.352979
cod_63_6_26_gadm2-8,cod_63_9_35_gadm2-8,1025.229045
cod_63_6_26_gadm2-8,cod_63_2_7_gadm2-8,135.112389
cod_63_6_26_gadm2-8,cod_63_2_8_gadm2-8,250.925543
cod_63_6_26_gadm2-8,cod_63_2_9_gadm2-8,371.018651
cod_63_6_26_gadm2-8,cod_63_2_10_gadm2-8,237.510940
cod_63_6_26_gadm2-8,cod_63_3_11_gadm2-8,203.262740
cod_63_6_26_gadm2-8,cod_63_3_12_gadm2-8,172.608186
cod_63_6_26_gadm2-8,cod_63_3_13_gadm2-8,213.483418
cod_63_6_26_gadm2-8,cod_63_3_14_gadm2-8,167.579428
cod_63_6_26_gadm2-8,cod_63_3_15_gadm2-8,65.382990
cod_63_6_26_gadm2-8,cod_63_1_1_gadm2-8,259.613121
cod_63_6_26_gadm2-8,cod_63_1_2_gadm2-8,68.872054
cod_63_6_26_gadm2-8,cod_63_1_3_gadm2-8,329.672002
cod_63_6_26_gadm2-8,cod_63_1_4_gadm2-8,298.755444
cod_63_6_26_gadm2-8,cod_63_1_5_gadm2-8,375.289262
cod_63_6_26_gadm2-8,cod_63_1_6_gadm2-8,203.737204
cod_63_6_26_gadm2-8,cod_63_4_16_gadm2-8,111.812452
cod_63_6_26_gadm2-8,cod_63_4_17_gadm2-8,403.672461
cod_63_6_26_gadm2-8,cod_63_9_36_gadm2-8,470.093795
cod_63_6_26_gadm2-8,cod_63_9_37_gadm2-8,443.972895
cod_63_6_26_gadm2-8,cod_63_9_38_gadm2-8,259.911516
cod_63_6_27_gadm2-8,cod_63_4_18_gadm2-8,243.443612
cod_63_6_27_gadm2-8,cod_63_5_19_gadm2-8,259.402310
cod_63_6_27_gadm2-8,cod_63_5_20_gadm2-8,690.547916
cod_63_6_27_gadm2-8,cod_63_5_21_gadm2-8,231.238405
cod_63_6_27_gadm2-8,cod_63_5_22_gadm2-8,178.210616
cod_63_6_27_gadm2-8,cod_63_6_23_gadm2-8,390.295339
cod_63_6_27_gadm2-8,cod_63_6_24_gadm2-8,1877.233223
cod_63_6_27_gadm2-8,cod_63_6_25_gadm2-8,943.358473
cod_63_6_27_gadm2-8,cod_63_6_26_gadm2-8,192.775743
cod_63_6_27_gadm2-8,cod_63_6_28_gadm2-8,261.572647
cod_63_6_27_gadm2-8,cod_63_7_29_gadm2-8,2277.222915
cod_63_6_27_gadm2-8,cod_63_8_30_gadm2-8,165.531035
cod_63_6_27_gadm2-8,cod_63_8_31_gadm2-8,232.314551
cod_63_6_27_gadm2-8,cod_63_8_32_gadm2-8,828.579052
cod_63_6_27_gadm2-8,cod_63_8_33_gadm2-8,305.833931
cod_63_6_27_gadm2-8,cod_63_9_34_gadm2-8,285.905022
cod_63_6_27_gadm2-8,cod_63_9_35_gadm2-8,969.856494
cod_63_6_27_gadm2-8,cod_63_2_7_gadm2-8,168.204420
cod_63_6_27_gadm2-8,cod_63_2_8_gadm2-8,249.361968
cod_63_6_27_gadm2-8,cod_63_2_9_gadm2-8,393.042461
cod_63_6_27_gadm2-8,cod_63_2_10_gadm2-8,289.459903
cod_63_6_27_gadm2-8,cod_63_3_11_gadm2-8,254.438627
cod_63_6_27_gadm2-8,cod_63_3_12_gadm2-8,215.596325
cod_63_6_27_gadm2-8,cod_63_3_13_gadm2-8,271.752245
cod_63_6_27_gadm2-8,cod_63_3_14_gadm2-8,212.600449
cod_63_6_27_gadm2-8,cod_63_3_15_gadm2-8,82.597633
cod_63_6_27_gadm2-8,cod_63_1_1_gadm2-8,310.117650
cod_63_6_27_gadm2-8,cod_63_1_2_gadm2-8,83.042471
cod_63_6_27_gadm2-8,cod_63_1_3_gadm2-8,368.141894
cod_63_6_27_gadm2-8,cod_63_1_4_gadm2-8,324.701956
cod_63_6_27_gadm2-8,cod_63_1_5_gadm2-8,420.588545
cod_63_6_27_gadm2-8,cod_63_1_6_gadm2-8,233.898057
cod_63_6_27_gadm2-8,cod_63_4_16_gadm2-8,58.027280
cod_63_6_27_gadm2-8,cod_63_4_17_gadm2-8,302.843619
cod_63_6_27_gadm2-8,cod_63_9_36_gadm2-8,432.065966
cod_63_6_27_gadm2-8,cod_63_9_37_gadm2-8,463.017187
cod_63_6_27_gadm2-8,cod_63_9_38_gadm2-8,271.116633
cod_63_6_28_gadm2-8,cod_63_4_18_gadm2-8,410.457033
cod_63_6_28_gadm2-8,cod_63_5_19_gadm2-8,941.260696
cod_63_6_28_gadm2-8,cod_63_5_20_gadm2-8,1365.259085
cod_63_6_28_gadm2-8,cod_63_5_21_gadm2-8,380.268429
cod_63_6_28_gadm2-8,cod_63_5_22_gadm2-8,347.541752
cod_63_6_28_gadm2-8,cod_63_6_23_gadm2-8,1134.436979
cod_63_6_28_gadm2-8,cod_63_6_24_gadm2-8,749.194250
cod_63_6_28_gadm2-8,cod_63_6_25_gadm2-8,470.429650
cod_63_6_28_gadm2-8,cod_63_6_26_gadm2-8,252.734984
cod_63_6_28_gadm2-8,cod_63_6_27_gadm2-8,309.889582
cod_63_6_28_gadm2-8,cod_63_7_29_gadm2-8,3191.188706
cod_63_6_28_gadm2-8,cod_63_8_30_gadm2-8,351.870324
cod_63_6_28_gadm2-8,cod_63_8_31_gadm2-8,786.351416
cod_63_6_28_gadm2-8,cod_63_8_32_gadm2-8,1092.470056
cod_63_6_28_gadm2-8,cod_63_8_33_gadm2-8,1254.017088
cod_63_6_28_gadm2-8,cod_63_9_34_gadm2-8,306.991795
cod_63_6_28_gadm2-8,cod_63_9_35_gadm2-8,1009.951605
cod_63_6_28_gadm2-8,cod_63_2_7_gadm2-8,223.133507
cod_63_6_28_gadm2-8,cod_63_2_8_gadm2-8,362.432145
cod_63_6_28_gadm2-8,cod_63_2_9_gadm2-8,533.278750
cod_63_6_28_gadm2-8,cod_63_2_10_gadm2-8,370.261143
cod_63_6_28_gadm2-8,cod_63_3_11_gadm2-8,373.763072
cod_63_6_28_gadm2-8,cod_63_3_12_gadm2-8,320.771118
cod_63_6_28_gadm2-8,cod_63_3_13_gadm2-8,395.686743
cod_63_6_28_gadm2-8,cod_63_3_14_gadm2-8,305.379190
cod_63_6_28_gadm2-8,cod_63_3_15_gadm2-8,122.490152
cod_63_6_28_gadm2-8,cod_63_1_1_gadm2-8,376.318741
cod_63_6_28_gadm2-8,cod_63_1_2_gadm2-8,102.640299
cod_63_6_28_gadm2-8,cod_63_1_3_gadm2-8,417.460471
cod_63_6_28_gadm2-8,cod_63_1_4_gadm2-8,376.402367
cod_63_6_28_gadm2-8,cod_63_1_5_gadm2-8,503.753647
cod_63_6_28_gadm2-8,cod_63_1_6_gadm2-8,270.306265
cod_63_6_28_gadm2-8,cod_63_4_16_gadm2-8,97.417083
cod_63_6_28_gadm2-8,cod_63_4_17_gadm2-8,427.274540
cod_63_6_28_gadm2-8,cod_63_9_36_gadm2-8,450.189810
cod_63_6_28_gadm2-8,cod_63_9_37_gadm2-8,513.873789
cod_63_6_28_gadm2-8,cod_63_9_38_gadm2-8,301.710964
cod_63_7_29_gadm2-8,cod_63_4_18_gadm2-8,861.244025
cod_63_7_29_gadm2-8,cod_63_5_19_gadm2-8,896.391986
cod_63_7_29_gadm2-8,cod_63_5_20_gadm2-8,2381.842261
cod_63_7_29_gadm2-8,cod_63_5_21_gadm2-8,765.581120
cod_63_7_29_gadm2-8,cod_63_5_22_gadm2-8,613.751544
cod_63_7_29_gadm2-8,cod_63_6_23_gadm2-8,1037.535126
cod_63_7_29_gadm2-8,cod_63_6_24_gadm2-8,1104.607054
cod_63_7_29_gadm2-8,cod_63_6_25_gadm2-8,1062.322785
cod_63_7_29_gadm2-8,cod_63_6_26_gadm2-8,557.523266
cod_63_7_29_gadm2-8,cod_63_6_27_gadm2-8,878.386242
cod_63_7_29_gadm2-8,cod_63_6_28_gadm2-8,1041.394777
cod_63_7_29_gadm2-8,cod_63_8_30_gadm2-8,776.565855
cod_63_7_29_gadm2-8,cod_63_8_31_gadm2-8,936.003725
cod_63_7_29_gadm2-8,cod_63_8_32_gadm2-8,3433.485086
cod_63_7_29_gadm2-8,cod_63_8_33_gadm2-8,1429.808771
cod_63_7_29_gadm2-8,cod_63_9_34_gadm2-8,805.359733
cod_63_7_29_gadm2-8,cod_63_9_35_gadm2-8,3362.165106
cod_63_7_29_gadm2-8,cod_63_2_7_gadm2-8,1999.197667
cod_63_7_29_gadm2-8,cod_63_2_8_gadm2-8,2689.392764
cod_63_7_29_gadm2-8,cod_63_2_9_gadm2-8,4257.498430
cod_63_7_29_gadm2-8,cod_63_2_10_gadm2-8,2197.111504
cod_63_7_29_gadm2-8,cod_63_3_11_gadm2-8,1183.816749
cod_63_7_29_gadm2-8,cod_63_3_12_gadm2-8,811.753970
cod_63_7_29_gadm2-8,cod_63_3_13_gadm2-8,3060.945978
cod_63_7_29_gadm2-8,cod_63_3_14_gadm2-8,6098.650830
cod_63_7_29_gadm2-8,cod_63_3_15_gadm2-8,444.858081
cod_63_7_29_gadm2-8,cod_63_1_1_gadm2-8,770.559229
cod_63_7_29_gadm2-8,cod_63_1_2_gadm2-8,223.255172
cod_63_7_29_gadm2-8,cod_63_1_3_gadm2-8,813.273193
cod_63_7_29_gadm2-8,cod_63_1_4_gadm2-8,696.684940
cod_63_7_29_gadm2-8,cod_63_1_5_gadm2-8,817.375629
cod_63_7_29_gadm2-8,cod_63_1_6_gadm2-8,602.077289
cod_63_7_29_gadm2-8,cod_63_4_16_gadm2-8,205.822567
cod_63_7_29_gadm2-8,cod_63_4_17_gadm2-8,1174.366946
cod_63_7_29_gadm2-8,cod_63_9_36_gadm2-8,1661.155528
cod_63_7_29_gadm2-8,cod_63_9_37_gadm2-8,1407.235874
cod_63_7_29_gadm2-8,cod_63_9_38_gadm2-8,825.644961
cod_63_8_30_gadm2-8,cod_63_4_18_gadm2-8,226.532292
cod_63_8_30_gadm2-8,cod_63_5_19_gadm2-8,257.695594
cod_63_8_30_gadm2-8,cod_63_5_20_gadm2-8,659.529601
cod_63_8_30_gadm2-8,cod_63_5_21_gadm2-8,239.695956
cod_63_8_30_gadm2-8,cod_63_5_22_gadm2-8,168.711347
cod_63_8_30_gadm2-8,cod_63_6_23_gadm2-8,244.239690
cod_63_8_30_gadm2-8,cod_63_6_24_gadm2-8,202.081831
cod_63_8_30_gadm2-8,cod_63_6_25_gadm2-8,232.023752
cod_63_8_30_gadm2-8,cod_63_6_26_gadm2-8,151.813364
cod_63_8_30_gadm2-8,cod_63_6_27_gadm2-8,168.161313
cod_63_8_30_gadm2-8,cod_63_6_28_gadm2-8,302.069778
cod_63_8_30_gadm2-8,cod_63_7_29_gadm2-8,2047.238483
cod_63_8_30_gadm2-8,cod_63_8_31_gadm2-8,678.738728
cod_63_8_30_gadm2-8,cod_63_8_32_gadm2-8,2967.412419
cod_63_8_30_gadm2-8,cod_63_8_33_gadm2-8,3453.892652
cod_63_8_30_gadm2-8,cod_63_9_34_gadm2-8,157.765126
cod_63_8_30_gadm2-8,cod_63_9_35_gadm2-8,597.854673
cod_63_8_30_gadm2-8,cod_63_2_7_gadm2-8,139.017012
cod_63_8_30_gadm2-8,cod_63_2_8_gadm2-8,246.631171
cod_63_8_30_gadm2-8,cod_63_2_9_gadm2-8,345.935400
cod_63_8_30_gadm2-8,cod_63_2_10_gadm2-8,225.580050
cod_63_8_30_gadm2-8,cod_63_3_11_gadm2-8,240.970232
cod_63_8_30_gadm2-8,cod_63_3_12_gadm2-8,208.447845
cod_63_8_30_gadm2-8,cod_63_3_13_gadm2-8,256.602762
cod_63_8_30_gadm2-8,cod_63_3_14_gadm2-8,199.234707
cod_63_8_30_gadm2-8,cod_63_3_15_gadm2-8,79.895274
cod_63_8_30_gadm2-8,cod_63_1_1_gadm2-8,210.441474
cod_63_8_30_gadm2-8,cod_63_1_2_gadm2-8,58.322337
cod_63_8_30_gadm2-8,cod_63_1_3_gadm2-8,217.549039
cod_63_8_30_gadm2-8,cod_63_1_4_gadm2-8,189.631916
cod_63_8_30_gadm2-8,cod_63_1_5_gadm2-8,264.860577
cod_63_8_30_gadm2-8,cod_63_1_6_gadm2-8,159.438438
cod_63_8_30_gadm2-8,cod_63_4_16_gadm2-8,54.069202
cod_63_8_30_gadm2-8,cod_63_4_17_gadm2-8,265.168425
cod_63_8_30_gadm2-8,cod_63_9_36_gadm2-8,375.706112
cod_63_8_30_gadm2-8,cod_63_9_37_gadm2-8,408.727878
cod_63_8_30_gadm2-8,cod_63_9_38_gadm2-8,241.187220
cod_63_8_31_gadm2-8,cod_63_4_18_gadm2-8,462.422009
cod_63_8_31_gadm2-8,cod_63_5_19_gadm2-8,944.346266
cod_63_8_31_gadm2-8,cod_63_5_20_gadm2-8,1530.584171
cod_63_8_31_gadm2-8,cod_63_5_21_gadm2-8,1223.929359
cod_63_8_31_gadm2-8,cod_63_5_22_gadm2-8,385.573002
cod_63_8_31_gadm2-8,cod_63_6_23_gadm2-8,471.862804
cod_63_8_31_gadm2-8,cod_63_6_24_gadm2-8,331.197025
cod_63_8_31_gadm2-8,cod_63_6_25_gadm2-8,369.768576
cod_63_8_31_gadm2-8,cod_63_6_26_gadm2-8,236.458889
cod_63_8_31_gadm2-8,cod_63_6_27_gadm2-8,268.007039
cod_63_8_31_gadm2-8,cod_63_6_28_gadm2-8,766.380083
cod_63_8_31_gadm2-8,cod_63_7_29_gadm2-8,2798.017516
cod_63_8_31_gadm2-8,cod_63_8_30_gadm2-8,770.360129
cod_63_8_31_gadm2-8,cod_63_8_32_gadm2-8,2765.831890
cod_63_8_31_gadm2-8,cod_63_8_33_gadm2-8,3452.668760
cod_63_8_31_gadm2-8,cod_63_9_34_gadm2-8,263.090009
cod_63_8_31_gadm2-8,cod_63_9_35_gadm2-8,917.910839
cod_63_8_31_gadm2-8,cod_63_2_7_gadm2-8,190.423279
cod_63_8_31_gadm2-8,cod_63_2_8_gadm2-8,336.869673
cod_63_8_31_gadm2-8,cod_63_2_9_gadm2-8,487.539974
cod_63_8_31_gadm2-8,cod_63_2_10_gadm2-8,320.254138
cod_63_8_31_gadm2-8,cod_63_3_11_gadm2-8,339.084014
cod_63_8_31_gadm2-8,cod_63_3_12_gadm2-8,294.245731
cod_63_8_31_gadm2-8,cod_63_3_13_gadm2-8,356.353160
cod_63_8_31_gadm2-8,cod_63_3_14_gadm2-8,272.945308
cod_63_8_31_gadm2-8,cod_63_3_15_gadm2-8,112.025081
cod_63_8_31_gadm2-8,cod_63_1_1_gadm2-8,302.157173
cod_63_8_31_gadm2-8,cod_63_1_2_gadm2-8,82.060727
cod_63_8_31_gadm2-8,cod_63_1_3_gadm2-8,346.163272
cod_63_8_31_gadm2-8,cod_63_1_4_gadm2-8,285.517390
cod_63_8_31_gadm2-8,cod_63_1_5_gadm2-8,384.540006
cod_63_8_31_gadm2-8,cod_63_1_6_gadm2-8,313.776944
cod_63_8_31_gadm2-8,cod_63_4_16_gadm2-8,113.662880
cod_63_8_31_gadm2-8,cod_63_4_17_gadm2-8,486.810807
cod_63_8_31_gadm2-8,cod_63_9_36_gadm2-8,491.888885
cod_63_8_31_gadm2-8,cod_63_9_37_gadm2-8,828.132489
cod_63_8_31_gadm2-8,cod_63_9_38_gadm2-8,729.063018
cod_63_8_32_gadm2-8,cod_63_4_18_gadm2-8,573.155397
cod_63_8_32_gadm2-8,cod_63_5_19_gadm2-8,563.309564
cod_63_8_32_gadm2-8,cod_63_5_20_gadm2-8,1560.018644
cod_63_8_32_gadm2-8,cod_63_5_21_gadm2-8,547.815245
cod_63_8_32_gadm2-8,cod_63_5_22_gadm2-8,402.893851
cod_63_8_32_gadm2-8,cod_63_6_23_gadm2-8,600.179222
cod_63_8_32_gadm2-8,cod_63_6_24_gadm2-8,559.604701
cod_63_8_32_gadm2-8,cod_63_6_25_gadm2-8,651.534775
cod_63_8_32_gadm2-8,cod_63_6_26_gadm2-8,420.015395
cod_63_8_32_gadm2-8,cod_63_6_27_gadm2-8,481.678231
cod_63_8_32_gadm2-8,cod_63_6_28_gadm2-8,536.786300
cod_63_8_32_gadm2-8,cod_63_7_29_gadm2-8,5174.127830
cod_63_8_32_gadm2-8,cod_63_8_30_gadm2-8,1693.342338
cod_63_8_32_gadm2-8,cod_63_8_31_gadm2-8,1395.582546
cod_63_8_32_gadm2-8,cod_63_8_33_gadm2-8,2855.944932
cod_63_8_32_gadm2-8,cod_63_9_34_gadm2-8,445.929415
cod_63_8_32_gadm2-8,cod_63_9_35_gadm2-8,2089.933333
cod_63_8_32_gadm2-8,cod_63_2_7_gadm2-8,347.704223
cod_63_8_32_gadm2-8,cod_63_2_8_gadm2-8,642.324926
cod_63_8_32_gadm2-8,cod_63_2_9_gadm2-8,887.495238
cod_63_8_32_gadm2-8,cod_63_2_10_gadm2-8,561.397987
cod_63_8_32_gadm2-8,cod_63_3_11_gadm2-8,606.568890
cod_63_8_32_gadm2-8,cod_63_3_12_gadm2-8,526.175673
cod_63_8_32_gadm2-8,cod_63_3_13_gadm2-8,648.703166
cod_63_8_32_gadm2-8,cod_63_3_14_gadm2-8,506.200599
cod_63_8_32_gadm2-8,cod_63_3_15_gadm2-8,202.143490
cod_63_8_32_gadm2-8,cod_63_1_1_gadm2-8,501.305479
cod_63_8_32_gadm2-8,cod_63_1_2_gadm2-8,139.466977
cod_63_8_32_gadm2-8,cod_63_1_3_gadm2-8,517.839580
cod_63_8_32_gadm2-8,cod_63_1_4_gadm2-8,429.268631
cod_63_8_32_gadm2-8,cod_63_1_5_gadm2-8,605.640788
cod_63_8_32_gadm2-8,cod_63_1_6_gadm2-8,396.786489
cod_63_8_32_gadm2-8,cod_63_4_16_gadm2-8,135.333713
cod_63_8_32_gadm2-8,cod_63_4_17_gadm2-8,676.555959
cod_63_8_32_gadm2-8,cod_63_9_36_gadm2-8,3176.337901
cod_63_8_32_gadm2-8,cod_63_9_37_gadm2-8,1292.132983
cod_63_8_32_gadm2-8,cod_63_9_38_gadm2-8,1127.361932
cod_63_8_33_gadm2-8,cod_63_4_18_gadm2-8,488.403190
cod_63_8_33_gadm2-8,cod_63_5_19_gadm2-8,620.454739
cod_63_8_33_gadm2-8,cod_63_5_20_gadm2-8,1516.418125
cod_63_8_33_gadm2-8,cod_63_5_21_gadm2-8,560.425415
cod_63_8_33_gadm2-8,cod_63_5_22_gadm2-8,385.439547
cod_63_8_33_gadm2-8,cod_63_6_23_gadm2-8,553.871850
cod_63_8_33_gadm2-8,cod_63_6_24_gadm2-8,420.518918
cod_63_8_33_gadm2-8,cod_63_6_25_gadm2-8,470.691074
cod_63_8_33_gadm2-8,cod_63_6_26_gadm2-8,303.734813
cod_63_8_33_gadm2-8,cod_63_6_27_gadm2-8,337.431094
cod_63_8_33_gadm2-8,cod_63_6_28_gadm2-8,1168.776588
cod_63_8_33_gadm2-8,cod_63_7_29_gadm2-8,4087.347084
cod_63_8_33_gadm2-8,cod_63_8_30_gadm2-8,3715.390480
cod_63_8_33_gadm2-8,cod_63_8_31_gadm2-8,3303.038636
cod_63_8_33_gadm2-8,cod_63_8_32_gadm2-8,5421.618781
cod_63_8_33_gadm2-8,cod_63_9_34_gadm2-8,329.696534
cod_63_8_33_gadm2-8,cod_63_9_35_gadm2-8,1179.589285
cod_63_8_33_gadm2-8,cod_63_2_7_gadm2-8,277.242174
cod_63_8_33_gadm2-8,cod_63_2_8_gadm2-8,486.465849
cod_63_8_33_gadm2-8,cod_63_2_9_gadm2-8,686.354574
cod_63_8_33_gadm2-8,cod_63_2_10_gadm2-8,451.872645
cod_63_8_33_gadm2-8,cod_63_3_11_gadm2-8,484.190484
cod_63_8_33_gadm2-8,cod_63_3_12_gadm2-8,418.636025
cod_63_8_33_gadm2-8,cod_63_3_13_gadm2-8,513.644416
cod_63_8_33_gadm2-8,cod_63_3_14_gadm2-8,396.993609
cod_63_8_33_gadm2-8,cod_63_3_15_gadm2-8,160.137188
cod_63_8_33_gadm2-8,cod_63_1_1_gadm2-8,428.497883
cod_63_8_33_gadm2-8,cod_63_1_2_gadm2-8,118.276865
cod_63_8_33_gadm2-8,cod_63_1_3_gadm2-8,452.736079
cod_63_8_33_gadm2-8,cod_63_1_4_gadm2-8,396.995697
cod_63_8_33_gadm2-8,cod_63_1_5_gadm2-8,548.525147
cod_63_8_33_gadm2-8,cod_63_1_6_gadm2-8,335.781853
cod_63_8_33_gadm2-8,cod_63_4_16_gadm2-8,117.490333
cod_63_8_33_gadm2-8,cod_63_4_17_gadm2-8,548.578776
cod_63_8_33_gadm2-8,cod_63_9_36_gadm2-8,685.605375
cod_63_8_33_gadm2-8,cod_63_9_37_gadm2-8,845.679939
cod_63_8_33_gadm2-8,cod_63_9_38_gadm2-8,499.672517
cod_63_9_34_gadm2-8,cod_63_4_18_gadm2-8,339.365634
cod_63_9_34_gadm2-8,cod_63_5_19_gadm2-8,330.164218
cod_63_9_34_gadm2-8,cod_63_5_20_gadm2-8,922.870003
cod_63_9_34_gadm2-8,cod_63_5_21_gadm2-8,263.549345
cod_63_9_34_gadm2-8,cod_63_5_22_gadm2-8,239.582295
cod_63_9_34_gadm2-8,cod_63_6_23_gadm2-8,406.237406
cod_63_9_34_gadm2-8,cod_63_6_24_gadm2-8,408.638703
cod_63_9_34_gadm2-8,cod_63_6_25_gadm2-8,450.753997
cod_63_9_34_gadm2-8,cod_63_6_26_gadm2-8,270.828737
cod_63_9_34_gadm2-8,cod_63_6_27_gadm2-8,342.883038
cod_63_9_34_gadm2-8,cod_63_6_28_gadm2-8,311.089632
cod_63_9_34_gadm2-8,cod_63_7_29_gadm2-8,2503.871380
cod_63_9_34_gadm2-8,cod_63_8_30_gadm2-8,186.476223
cod_63_9_34_gadm2-8,cod_63_8_31_gadm2-8,273.804473
cod_63_9_34_gadm2-8,cod_63_8_32_gadm2-8,920.603788
cod_63_9_34_gadm2-8,cod_63_8_33_gadm2-8,358.732240
cod_63_9_34_gadm2-8,cod_63_9_35_gadm2-8,1889.804355
cod_63_9_34_gadm2-8,cod_63_2_7_gadm2-8,165.506533
cod_63_9_34_gadm2-8,cod_63_2_8_gadm2-8,339.345975
cod_63_9_34_gadm2-8,cod_63_2_9_gadm2-8,455.006711
cod_63_9_34_gadm2-8,cod_63_2_10_gadm2-8,268.045817
cod_63_9_34_gadm2-8,cod_63_3_11_gadm2-8,293.135941
cod_63_9_34_gadm2-8,cod_63_3_12_gadm2-8,257.075969
cod_63_9_34_gadm2-8,cod_63_3_13_gadm2-8,316.121875
cod_63_9_34_gadm2-8,cod_63_3_14_gadm2-8,249.617795
cod_63_9_34_gadm2-8,cod_63_3_15_gadm2-8,99.221483
cod_63_9_34_gadm2-8,cod_63_1_1_gadm2-8,233.871679
cod_63_9_34_gadm2-8,cod_63_1_2_gadm2-8,62.114590
cod_63_9_34_gadm2-8,cod_63_1_3_gadm2-8,610.931549
cod_63_9_34_gadm2-8,cod_63_1_4_gadm2-8,470.990723
cod_63_9_34_gadm2-8,cod_63_1_5_gadm2-8,302.746011
cod_63_9_34_gadm2-8,cod_63_1_6_gadm2-8,237.038513
cod_63_9_34_gadm2-8,cod_63_4_16_gadm2-8,78.987858
cod_63_9_34_gadm2-8,cod_63_4_17_gadm2-8,372.032923
cod_63_9_34_gadm2-8,cod_63_9_36_gadm2-8,453.547510
cod_63_9_34_gadm2-8,cod_63_9_37_gadm2-8,850.277552
cod_63_9_34_gadm2-8,cod_63_9_38_gadm2-8,723.007715
cod_63_9_35_gadm2-8,cod_63_4_18_gadm2-8,696.345303
cod_63_9_35_gadm2-8,cod_63_5_19_gadm2-8,642.174059
cod_63_9_35_gadm2-8,cod_63_5_20_gadm2-8,1845.062791
cod_63_9_35_gadm2-8,cod_63_5_21_gadm2-8,508.278992
cod_63_9_35_gadm2-8,cod_63_5_22_gadm2-8,479.915318
cod_63_9_35_gadm2-8,cod_63_6_23_gadm2-8,769.225197
cod_63_9_35_gadm2-8,cod_63_6_24_gadm2-8,739.642642
cod_63_9_35_gadm2-8,cod_63_6_25_gadm2-8,847.309039
cod_63_9_35_gadm2-8,cod_63_6_26_gadm2-8,532.982394
cod_63_9_35_gadm2-8,cod_63_6_27_gadm2-8,625.627063
cod_63_9_35_gadm2-8,cod_63_6_28_gadm2-8,550.847841
cod_63_9_35_gadm2-8,cod_63_7_29_gadm2-8,5623.255022
cod_63_9_35_gadm2-8,cod_63_8_30_gadm2-8,379.820632
cod_63_9_35_gadm2-8,cod_63_8_31_gadm2-8,514.187802
cod_63_9_35_gadm2-8,cod_63_8_32_gadm2-8,2321.932255
cod_63_9_35_gadm2-8,cod_63_8_33_gadm2-8,690.840330
cod_63_9_35_gadm2-8,cod_63_9_34_gadm2-8,1017.599884
cod_63_9_35_gadm2-8,cod_63_2_7_gadm2-8,378.810799
cod_63_9_35_gadm2-8,cod_63_2_8_gadm2-8,735.986193
cod_63_9_35_gadm2-8,cod_63_2_9_gadm2-8,1011.063277
cod_63_9_35_gadm2-8,cod_63_2_10_gadm2-8,612.578396
cod_63_9_35_gadm2-8,cod_63_3_11_gadm2-8,644.341884
cod_63_9_35_gadm2-8,cod_63_3_12_gadm2-8,560.708823
cod_63_9_35_gadm2-8,cod_63_3_13_gadm2-8,697.798854
cod_63_9_35_gadm2-8,cod_63_3_14_gadm2-8,553.023496
cod_63_9_35_gadm2-8,cod_63_3_15_gadm2-8,216.799071
cod_63_9_35_gadm2-8,cod_63_1_1_gadm2-8,505.488273
cod_63_9_35_gadm2-8,cod_63_1_2_gadm2-8,141.716079
cod_63_9_35_gadm2-8,cod_63_1_3_gadm2-8,509.125683
cod_63_9_35_gadm2-8,cod_63_1_4_gadm2-8,402.389911
cod_63_9_35_gadm2-8,cod_63_1_5_gadm2-8,560.464928
cod_63_9_35_gadm2-8,cod_63_1_6_gadm2-8,389.767780
cod_63_9_35_gadm2-8,cod_63_4_16_gadm2-8,162.480275
cod_63_9_35_gadm2-8,cod_63_4_17_gadm2-8,795.057698
cod_63_9_35_gadm2-8,cod_63_9_36_gadm2-8,4996.748713
cod_63_9_35_gadm2-8,cod_63_9_37_gadm2-8,1058.575752
cod_63_9_35_gadm2-8,cod_63_9_38_gadm2-8,915.085961
cod_63_2_7_gadm2-8,cod_63_4_18_gadm2-8,256.319594
cod_63_2_7_gadm2-8,cod_63_5_19_gadm2-8,234.289522
cod_63_2_7_gadm2-8,cod_63_5_20_gadm2-8,660.975917
cod_63_2_7_gadm2-8,cod_63_5_21_gadm2-8,221.351378
cod_63_2_7_gadm2-8,cod_63_5_22_gadm2-8,170.873688
cod_63_2_7_gadm2-8,cod_63_6_23_gadm2-8,267.737222
cod_63_2_7_gadm2-8,cod_63_6_24_gadm2-8,288.572138
cod_63_2_7_gadm2-8,cod_63_6_25_gadm2-8,280.705531
cod_63_2_7_gadm2-8,cod_63_6_26_gadm2-8,150.540624
cod_63_2_7_gadm2-8,cod_63_6_27_gadm2-8,232.755500
cod_63_2_7_gadm2-8,cod_63_6_28_gadm2-8,260.910413
cod_63_2_7_gadm2-8,cod_63_7_29_gadm2-8,7251.574217
cod_63_2_7_gadm2-8,cod_63_8_30_gadm2-8,189.335114
cod_63_2_7_gadm2-8,cod_63_8_31_gadm2-8,228.636800
cod_63_2_7_gadm2-8,cod_63_8_32_gadm2-8,828.873909
cod_63_2_7_gadm2-8,cod_63_8_33_gadm2-8,348.196357
cod_63_2_7_gadm2-8,cod_63_9_34_gadm2-8,191.101328
cod_63_2_7_gadm2-8,cod_63_9_35_gadm2-8,813.657724
cod_63_2_7_gadm2-8,cod_63_2_8_gadm2-8,395.450945
cod_63_2_7_gadm2-8,cod_63_2_9_gadm2-8,2212.001991
cod_63_2_7_gadm2-8,cod_63_2_10_gadm2-8,1730.049479
cod_63_2_7_gadm2-8,cod_63_3_11_gadm2-8,183.592115
cod_63_2_7_gadm2-8,cod_63_3_12_gadm2-8,143.925548
cod_63_2_7_gadm2-8,cod_63_3_13_gadm2-8,266.786114
cod_63_2_7_gadm2-8,cod_63_3_14_gadm2-8,375.516029
cod_63_2_7_gadm2-8,cod_63_3_15_gadm2-8,62.938168
cod_63_2_7_gadm2-8,cod_63_1_1_gadm2-8,296.367300
cod_63_2_7_gadm2-8,cod_63_1_2_gadm2-8,93.097930
cod_63_2_7_gadm2-8,cod_63_1_3_gadm2-8,219.436649
cod_63_2_7_gadm2-8,cod_63_1_4_gadm2-8,172.639341
cod_63_2_7_gadm2-8,cod_63_1_5_gadm2-8,225.087118
cod_63_2_7_gadm2-8,cod_63_1_6_gadm2-8,201.184013
cod_63_2_7_gadm2-8,cod_63_4_16_gadm2-8,62.220442
cod_63_2_7_gadm2-8,cod_63_4_17_gadm2-8,405.686966
cod_63_2_7_gadm2-8,cod_63_9_36_gadm2-8,403.111082
cod_63_2_7_gadm2-8,cod_63_9_37_gadm2-8,338.235081
cod_63_2_7_gadm2-8,cod_63_9_38_gadm2-8,198.415755
cod_63_2_8_gadm2-8,cod_63_4_18_gadm2-8,461.067715
cod_63_2_8_gadm2-8,cod_63_5_19_gadm2-8,351.916298
cod_63_2_8_gadm2-8,cod_63_5_20_gadm2-8,1076.237166
cod_63_2_8_gadm2-8,cod_63_5_21_gadm2-8,322.806608
cod_63_2_8_gadm2-8,cod_63_5_22_gadm2-8,280.787621
cod_63_2_8_gadm2-8,cod_63_6_23_gadm2-8,367.053336
cod_63_2_8_gadm2-8,cod_63_6_24_gadm2-8,370.784485
cod_63_2_8_gadm2-8,cod_63_6_25_gadm2-8,356.724798
cod_63_2_8_gadm2-8,cod_63_6_26_gadm2-8,238.196592
cod_63_2_8_gadm2-8,cod_63_6_27_gadm2-8,293.897520
cod_63_2_8_gadm2-8,cod_63_6_28_gadm2-8,360.890790
cod_63_2_8_gadm2-8,cod_63_7_29_gadm2-8,8216.650282
cod_63_2_8_gadm2-8,cod_63_8_30_gadm2-8,286.113027
cod_63_2_8_gadm2-8,cod_63_8_31_gadm2-8,344.506260
cod_63_2_8_gadm2-8,cod_63_8_32_gadm2-8,1302.983645
cod_63_2_8_gadm2-8,cod_63_8_33_gadm2-8,520.133744
cod_63_2_8_gadm2-8,cod_63_9_34_gadm2-8,333.760487
cod_63_2_8_gadm2-8,cod_63_9_35_gadm2-8,1345.031461
cod_63_2_8_gadm2-8,cod_63_2_7_gadm2-8,336.833887
cod_63_2_8_gadm2-8,cod_63_2_9_gadm2-8,3415.847362
cod_63_2_8_gadm2-8,cod_63_2_10_gadm2-8,472.635038
cod_63_2_8_gadm2-8,cod_63_3_11_gadm2-8,264.054513
cod_63_2_8_gadm2-8,cod_63_3_12_gadm2-8,219.606042
cod_63_2_8_gadm2-8,cod_63_3_13_gadm2-8,389.991029
cod_63_2_8_gadm2-8,cod_63_3_14_gadm2-8,910.884615
cod_63_2_8_gadm2-8,cod_63_3_15_gadm2-8,98.512947
cod_63_2_8_gadm2-8,cod_63_1_1_gadm2-8,281.109679
cod_63_2_8_gadm2-8,cod_63_1_2_gadm2-8,76.218486
cod_63_2_8_gadm2-8,cod_63_1_3_gadm2-8,346.554124
cod_63_2_8_gadm2-8,cod_63_1_4_gadm2-8,308.416459
cod_63_2_8_gadm2-8,cod_63_1_5_gadm2-8,363.893178
cod_63_2_8_gadm2-8,cod_63_1_6_gadm2-8,246.577979
cod_63_2_8_gadm2-8,cod_63_4_16_gadm2-8,109.296313
cod_63_2_8_gadm2-8,cod_63_4_17_gadm2-8,1016.405124
cod_63_2_8_gadm2-8,cod_63_9_36_gadm2-8,649.131884
cod_63_2_8_gadm2-8,cod_63_9_37_gadm2-8,557.001143
cod_63_2_8_gadm2-8,cod_63_9_38_gadm2-8,326.387991
cod_63_2_9_gadm2-8,cod_63_4_18_gadm2-8,734.866062
cod_63_2_9_gadm2-8,cod_63_5_19_gadm2-8,524.256298
cod_63_2_9_gadm2-8,cod_63_5_20_gadm2-8,1680.490480
cod_63_2_9_gadm2-8,cod_63_5_21_gadm2-8,540.893257
cod_63_2_9_gadm2-8,cod_63_5_22_gadm2-8,438.046062
cod_63_2_9_gadm2-8,cod_63_6_23_gadm2-8,523.569983
cod_63_2_9_gadm2-8,cod_63_6_24_gadm2-8,533.069422
cod_63_2_9_gadm2-8,cod_63_6_25_gadm2-8,518.922587
cod_63_2_9_gadm2-8,cod_63_6_26_gadm2-8,326.495723
cod_63_2_9_gadm2-8,cod_63_6_27_gadm2-8,429.316583
cod_63_2_9_gadm2-8,cod_63_6_28_gadm2-8,492.262057
cod_63_2_9_gadm2-8,cod_63_7_29_gadm2-8,12044.446310
cod_63_2_9_gadm2-8,cod_63_8_30_gadm2-8,371.961245
cod_63_2_9_gadm2-8,cod_63_8_31_gadm2-8,462.214274
cod_63_2_9_gadm2-8,cod_63_8_32_gadm2-8,1668.776029
cod_63_2_9_gadm2-8,cod_63_8_33_gadm2-8,680.294765
cod_63_2_9_gadm2-8,cod_63_9_34_gadm2-8,414.851905
cod_63_2_9_gadm2-8,cod_63_9_35_gadm2-8,1712.704544
cod_63_2_9_gadm2-8,cod_63_2_7_gadm2-8,1730.561905
cod_63_2_9_gadm2-8,cod_63_2_8_gadm2-8,3166.240502
cod_63_2_9_gadm2-8,cod_63_2_10_gadm2-8,2799.341723
cod_63_2_9_gadm2-8,cod_63_3_11_gadm2-8,341.709316
cod_63_2_9_gadm2-8,cod_63_3_12_gadm2-8,279.076796
cod_63_2_9_gadm2-8,cod_63_3_13_gadm2-8,481.142127
cod_63_2_9_gadm2-8,cod_63_3_14_gadm2-8,613.822384
cod_63_2_9_gadm2-8,cod_63_3_15_gadm2-8,121.159672
cod_63_2_9_gadm2-8,cod_63_1_1_gadm2-8,491.095426
cod_63_2_9_gadm2-8,cod_63_1_2_gadm2-8,136.666616
cod_63_2_9_gadm2-8,cod_63_1_3_gadm2-8,459.035172
cod_63_2_9_gadm2-8,cod_63_1_4_gadm2-8,384.487112
cod_63_2_9_gadm2-8,cod_63_1_5_gadm2-8,471.532873
cod_63_2_9_gadm2-8,cod_63_1_6_gadm2-8,422.596362
cod_63_2_9_gadm2-8,cod_63_4_16_gadm2-8,179.012072
cod_63_2_9_gadm2-8,cod_63_4_17_gadm2-8,2764.191292
cod_63_2_9_gadm2-8,cod_63_9_36_gadm2-8,831.291540
cod_63_2_9_gadm2-8,cod_63_9_37_gadm2-8,709.897399
cod_63_2_9_gadm2-8,cod_63_9_38_gadm2-8,416.461160
cod_63_2_10_gadm2-8,cod_63_4_18_gadm2-8,407.208331
cod_63_2_10_gadm2-8,cod_63_5_19_gadm2-8,345.165848
cod_63_2_10_gadm2-8,cod_63_5_20_gadm2-8,1021.427837
cod_63_2_10_gadm2-8,cod_63_5_21_gadm2-8,372.360264
cod_63_2_10_gadm2-8,cod_63_5_22_gadm2-8,264.282277
cod_63_2_10_gadm2-8,cod_63_6_23_gadm2-8,380.347326
cod_63_2_10_gadm2-8,cod_63_6_24_gadm2-8,409.330948
cod_63_2_10_gadm2-8,cod_63_6_25_gadm2-8,402.305888
cod_63_2_10_gadm2-8,cod_63_6_26_gadm2-8,220.092381
cod_63_2_10_gadm2-8,cod_63_6_27_gadm2-8,332.999158
cod_63_2_10_gadm2-8,cod_63_6_28_gadm2-8,359.905648
cod_63_2_10_gadm2-8,cod_63_7_29_gadm2-8,6553.251051
cod_63_2_10_gadm2-8,cod_63_8_30_gadm2-8,255.477750
cod_63_2_10_gadm2-8,cod_63_8_31_gadm2-8,319.711822
cod_63_2_10_gadm2-8,cod_63_8_32_gadm2-8,1111.694235
cod_63_2_10_gadm2-8,cod_63_8_33_gadm2-8,471.635398
cod_63_2_10_gadm2-8,cod_63_9_34_gadm2-8,257.361711
cod_63_2_10_gadm2-8,cod_63_9_35_gadm2-8,1092.811581
cod_63_2_10_gadm2-8,cod_63_2_7_gadm2-8,1429.001043
cod_63_2_10_gadm2-8,cod_63_2_8_gadm2-8,462.265342
cod_63_2_10_gadm2-8,cod_63_2_9_gadm2-8,2956.658409
cod_63_2_10_gadm2-8,cod_63_3_11_gadm2-8,225.471665
cod_63_2_10_gadm2-8,cod_63_3_12_gadm2-8,183.537831
cod_63_2_10_gadm2-8,cod_63_3_13_gadm2-8,300.283247
cod_63_2_10_gadm2-8,cod_63_3_14_gadm2-8,315.446315
cod_63_2_10_gadm2-8,cod_63_3_15_gadm2-8,76.815008
cod_63_2_10_gadm2-8,cod_63_1_1_gadm2-8,937.337727
cod_63_2_10_gadm2-8,cod_63_1_2_gadm2-8,207.568497
cod_63_2_10_gadm2-8,cod_63_1_3_gadm2-8,358.010958
cod_63_2_10_gadm2-8,cod_63_1_4_gadm2-8,253.169806
cod_63_2_10_gadm2-8,cod_63_1_5_gadm2-8,356.047847
cod_63_2_10_gadm2-8,cod_63_1_6_gadm2-8,565.857639
cod_63_2_10_gadm2-8,cod_63_4_16_gadm2-8,100.200740
cod_63_2_10_gadm2-8,cod_63_4_17_gadm2-8,1066.181220
cod_63_2_10_gadm2-8,cod_63_9_36_gadm2-8,542.009543
cod_63_2_10_gadm2-8,cod_63_9_37_gadm2-8,478.810497
cod_63_2_10_gadm2-8,cod_63_9_38_gadm2-8,281.244503
cod_63_3_11_gadm2-8,cod_63_4_18_gadm2-8,282.399774
cod_63_3_11_gadm2-8,cod_63_5_19_gadm2-8,333.938659
cod_63_3_11_gadm2-8,cod_63_5_20_gadm2-8,857.064665
cod_63_3_11_gadm2-8,cod_63_5_21_gadm2-8,278.613877
cod_63_3_11_gadm2-8,cod_63_5_22_gadm2-8,219.744783
cod_63_3_11_gadm2-8,cod_63_6_23_gadm2-8,381.449363
cod_63_3_11_gadm2-8,cod_63_6_24_gadm2-8,390.266188
cod_63_3_11_gadm2-8,cod_63_6_25_gadm2-8,379.218282
cod_63_3_11_gadm2-8,cod_63_6_26_gadm2-8,197.441228
cod_63_3_11_gadm2-8,cod_63_6_27_gadm2-8,306.855485
cod_63_3_11_gadm2-8,cod_63_6_28_gadm2-8,380.879735
cod_63_3_11_gadm2-8,cod_63_7_29_gadm2-8,3703.040448
cod_63_3_11_gadm2-8,cod_63_8_30_gadm2-8,286.052953
cod_63_3_11_gadm2-8,cod_63_8_31_gadm2-8,354.872005
cod_63_3_11_gadm2-8,cod_63_8_32_gadm2-8,1259.471326
cod_63_3_11_gadm2-8,cod_63_8_33_gadm2-8,529.860842
cod_63_3_11_gadm2-8,cod_63_9_34_gadm2-8,295.040186
cod_63_3_11_gadm2-8,cod_63_9_35_gadm2-8,1205.334774
cod_63_3_11_gadm2-8,cod_63_2_7_gadm2-8,160.030217
cod_63_3_11_gadm2-8,cod_63_2_8_gadm2-8,270.461086
cod_63_3_11_gadm2-8,cod_63_2_9_gadm2-8,377.559081
cod_63_3_11_gadm2-8,cod_63_2_10_gadm2-8,236.342730
cod_63_3_11_gadm2-8,cod_63_3_12_gadm2-8,2398.397876
cod_63_3_11_gadm2-8,cod_63_3_13_gadm2-8,1573.380342
cod_63_3_11_gadm2-8,cod_63_3_14_gadm2-8,476.723903
cod_63_3_11_gadm2-8,cod_63_3_15_gadm2-8,537.904652
cod_63_3_11_gadm2-8,cod_63_1_1_gadm2-8,206.686850
cod_63_3_11_gadm2-8,cod_63_1_2_gadm2-8,54.363041
cod_63_3_11_gadm2-8,cod_63_1_3_gadm2-8,297.268694
cod_63_3_11_gadm2-8,cod_63_1_4_gadm2-8,253.188054
cod_63_3_11_gadm2-8,cod_63_1_5_gadm2-8,285.632286
cod_63_3_11_gadm2-8,cod_63_1_6_gadm2-8,203.995691
cod_63_3_11_gadm2-8,cod_63_4_16_gadm2-8,67.145654
cod_63_3_11_gadm2-8,cod_63_4_17_gadm2-8,301.426967
cod_63_3_11_gadm2-8,cod_63_9_36_gadm2-8,596.037848
cod_63_3_11_gadm2-8,cod_63_9_37_gadm2-8,531.583590
cod_63_3_11_gadm2-8,cod_63_9_38_gadm2-8,311.799116
cod_63_3_12_gadm2-8,cod_63_4_18_gadm2-8,240.598354
cod_63_3_12_gadm2-8,cod_63_5_19_gadm2-8,284.871173
cod_63_3_12_gadm2-8,cod_63_5_20_gadm2-8,732.288979
cod_63_3_12_gadm2-8,cod_63_5_21_gadm2-8,240.637270
cod_63_3_12_gadm2-8,cod_63_5_22_gadm2-8,187.682078
cod_63_3_12_gadm2-8,cod_63_6_23_gadm2-8,323.221928
cod_63_3_12_gadm2-8,cod_63_6_24_gadm2-8,328.577898
cod_63_3_12_gadm2-8,cod_63_6_25_gadm2-8,318.579376
cod_63_3_12_gadm2-8,cod_63_6_26_gadm2-8,165.921976
cod_63_3_12_gadm2-8,cod_63_6_27_gadm2-8,257.594192
cod_63_3_12_gadm2-8,cod_63_6_28_gadm2-8,323.836983
cod_63_3_12_gadm2-8,cod_63_7_29_gadm2-8,2516.209185
cod_63_3_12_gadm2-8,cod_63_8_30_gadm2-8,245.144728
cod_63_3_12_gadm2-8,cod_63_8_31_gadm2-8,305.073757
cod_63_3_12_gadm2-8,cod_63_8_32_gadm2-8,1082.598485
cod_63_3_12_gadm2-8,cod_63_8_33_gadm2-8,453.898358
cod_63_3_12_gadm2-8,cod_63_9_34_gadm2-8,256.328872
cod_63_3_12_gadm2-8,cod_63_9_35_gadm2-8,1039.365405
cod_63_3_12_gadm2-8,cod_63_2_7_gadm2-8,124.290841
cod_63_3_12_gadm2-8,cod_63_2_8_gadm2-8,222.817742
cod_63_3_12_gadm2-8,cod_63_2_9_gadm2-8,305.462815
cod_63_3_12_gadm2-8,cod_63_2_10_gadm2-8,190.570021
cod_63_3_12_gadm2-8,cod_63_3_11_gadm2-8,2384.246599
cod_63_3_12_gadm2-8,cod_63_3_13_gadm2-8,843.036372
cod_63_3_12_gadm2-8,cod_63_3_14_gadm2-8,322.786060
cod_63_3_12_gadm2-8,cod_63_3_15_gadm2-8,772.071116
cod_63_3_12_gadm2-8,cod_63_1_1_gadm2-8,177.864365
cod_63_3_12_gadm2-8,cod_63_1_2_gadm2-8,45.924180
cod_63_3_12_gadm2-8,cod_63_1_3_gadm2-8,261.023686
cod_63_3_12_gadm2-8,cod_63_1_4_gadm2-8,222.427750
cod_63_3_12_gadm2-8,cod_63_1_5_gadm2-8,251.856280
cod_63_3_12_gadm2-8,cod_63_1_6_gadm2-8,177.962254
cod_63_3_12_gadm2-8,cod_63_4_16_gadm2-8,57.287924
cod_63_3_12_gadm2-8,cod_63_4_17_gadm2-8,256.018573
cod_63_3_12_gadm2-8,cod_63_9_36_gadm2-8,512.715064
cod_63_3_12_gadm2-8,cod_63_9_37_gadm2-8,461.310533
cod_63_3_12_gadm2-8,cod_63_9_38_gadm2-8,270.557868
cod_63_3_13_gadm2-8,cod_63_4_18_gadm2-8,294.596284
cod_63_3_13_gadm2-8,cod_63_5_19_gadm2-8,340.317269
cod_63_3_13_gadm2-8,cod_63_5_20_gadm2-8,876.162231
cod_63_3_13_gadm2-8,cod_63_5_21_gadm2-8,285.099285
cod_63_3_13_gadm2-8,cod_63_5_22_gadm2-8,224.808095
cod_63_3_13_gadm2-8,cod_63_6_23_gadm2-8,390.873341
cod_63_3_13_gadm2-8,cod_63_6_24_gadm2-8,406.609002
cod_63_3_13_gadm2-8,cod_63_6_25_gadm2-8,391.529141
cod_63_3_13_gadm2-8,cod_63_6_26_gadm2-8,202.660143
cod_63_3_13_gadm2-8,cod_63_6_27_gadm2-8,320.589605
cod_63_3_13_gadm2-8,cod_63_6_28_gadm2-8,394.425336
cod_63_3_13_gadm2-8,cod_63_7_29_gadm2-8,9374.051114
cod_63_3_13_gadm2-8,cod_63_8_30_gadm2-8,297.969030
cod_63_3_13_gadm2-8,cod_63_8_31_gadm2-8,365.167166
cod_63_3_13_gadm2-8,cod_63_8_32_gadm2-8,1318.759198
cod_63_3_13_gadm2-8,cod_63_8_33_gadm2-8,550.347170
cod_63_3_13_gadm2-8,cod_63_9_34_gadm2-8,311.543162
cod_63_3_13_gadm2-8,cod_63_9_35_gadm2-8,1278.004220
cod_63_3_13_gadm2-8,cod_63_2_7_gadm2-8,227.622410
cod_63_3_13_gadm2-8,cod_63_2_8_gadm2-8,391.152544
cod_63_3_13_gadm2-8,cod_63_2_9_gadm2-8,520.588453
cod_63_3_13_gadm2-8,cod_63_2_10_gadm2-8,308.215715
cod_63_3_13_gadm2-8,cod_63_3_11_gadm2-8,1541.346185
cod_63_3_13_gadm2-8,cod_63_3_12_gadm2-8,833.298321
cod_63_3_13_gadm2-8,cod_63_3_14_gadm2-8,1459.204169
cod_63_3_13_gadm2-8,cod_63_3_15_gadm2-8,628.721833
cod_63_3_13_gadm2-8,cod_63_1_1_gadm2-8,230.569240
cod_63_3_13_gadm2-8,cod_63_1_2_gadm2-8,62.731909
cod_63_3_13_gadm2-8,cod_63_1_3_gadm2-8,311.763611
cod_63_3_13_gadm2-8,cod_63_1_4_gadm2-8,268.569706
cod_63_3_13_gadm2-8,cod_63_1_5_gadm2-8,305.075182
cod_63_3_13_gadm2-8,cod_63_1_6_gadm2-8,213.047815
cod_63_3_13_gadm2-8,cod_63_4_16_gadm2-8,70.098889
cod_63_3_13_gadm2-8,cod_63_4_17_gadm2-8,338.556903
cod_63_3_13_gadm2-8,cod_63_9_36_gadm2-8,629.999438
cod_63_3_13_gadm2-8,cod_63_9_37_gadm2-8,551.995480
cod_63_3_13_gadm2-8,cod_63_9_38_gadm2-8,323.702114
cod_63_3_14_gadm2-8,cod_63_4_18_gadm2-8,249.767640
cod_63_3_14_gadm2-8,cod_63_5_19_gadm2-8,265.063505
cod_63_3_14_gadm2-8,cod_63_5_20_gadm2-8,699.599525
cod_63_3_14_gadm2-8,cod_63_5_21_gadm2-8,226.607015
cod_63_3_14_gadm2-8,cod_63_5_22_gadm2-8,180.025477
cod_63_3_14_gadm2-8,cod_63_6_23_gadm2-8,303.852257
cod_63_3_14_gadm2-8,cod_63_6_24_gadm2-8,321.376409
cod_63_3_14_gadm2-8,cod_63_6_25_gadm2-8,307.167725
cod_63_3_14_gadm2-8,cod_63_6_26_gadm2-8,161.393245
cod_63_3_14_gadm2-8,cod_63_6_27_gadm2-8,254.487872
cod_63_3_14_gadm2-8,cod_63_6_28_gadm2-8,309.135071
cod_63_3_14_gadm2-8,cod_63_7_29_gadm2-8,19055.428770
cod_63_3_14_gadm2-8,cod_63_8_30_gadm2-8,234.978378
cod_63_3_14_gadm2-8,cod_63_8_31_gadm2-8,283.762892
cod_63_3_14_gadm2-8,cod_63_8_32_gadm2-8,1044.125570
cod_63_3_14_gadm2-8,cod_63_8_33_gadm2-8,431.557930
cod_63_3_14_gadm2-8,cod_63_9_34_gadm2-8,249.585949
cod_63_3_14_gadm2-8,cod_63_9_35_gadm2-8,1027.687019
cod_63_3_14_gadm2-8,cod_63_2_7_gadm2-8,324.906513
cod_63_3_14_gadm2-8,cod_63_2_8_gadm2-8,927.517574
cod_63_3_14_gadm2-8,cod_63_2_9_gadm2-8,674.055592
cod_63_3_14_gadm2-8,cod_63_2_10_gadm2-8,328.512152
cod_63_3_14_gadm2-8,cod_63_3_11_gadm2-8,474.069460
cod_63_3_14_gadm2-8,cod_63_3_12_gadm2-8,323.972453
cod_63_3_14_gadm2-8,cod_63_3_13_gadm2-8,1482.965193
cod_63_3_14_gadm2-8,cod_63_3_15_gadm2-8,212.458350
cod_63_3_14_gadm2-8,cod_63_1_1_gadm2-8,204.821239
cod_63_3_14_gadm2-8,cod_63_1_2_gadm2-8,57.433992
cod_63_3_14_gadm2-8,cod_63_1_3_gadm2-8,250.341590
cod_63_3_14_gadm2-8,cod_63_1_4_gadm2-8,217.479077
cod_63_3_14_gadm2-8,cod_63_1_5_gadm2-8,250.544053
cod_63_3_14_gadm2-8,cod_63_1_6_gadm2-8,174.925272
cod_63_3_14_gadm2-8,cod_63_4_16_gadm2-8,59.577419
cod_63_3_14_gadm2-8,cod_63_4_17_gadm2-8,326.891233
cod_63_3_14_gadm2-8,cod_63_9_36_gadm2-8,504.593663
cod_63_3_14_gadm2-8,cod_63_9_37_gadm2-8,433.897380
cod_63_3_14_gadm2-8,cod_63_9_38_gadm2-8,254.364759
cod_63_3_15_gadm2-8,cod_63_4_18_gadm2-8,166.798788
cod_63_3_15_gadm2-8,cod_63_5_19_gadm2-8,196.452968
cod_63_3_15_gadm2-8,cod_63_5_20_gadm2-8,504.305673
cod_63_3_15_gadm2-8,cod_63_5_21_gadm2-8,165.964645
cod_63_3_15_gadm2-8,cod_63_5_22_gadm2-8,129.259644
cod_63_3_15_gadm2-8,cod_63_6_23_gadm2-8,223.334938
cod_63_3_15_gadm2-8,cod_63_6_24_gadm2-8,229.130990
cod_63_3_15_gadm2-8,cod_63_6_25_gadm2-8,220.984314
cod_63_3_15_gadm2-8,cod_63_6_26_gadm2-8,114.530309
cod_63_3_15_gadm2-8,cod_63_6_27_gadm2-8,179.865301
cod_63_3_15_gadm2-8,cod_63_6_28_gadm2-8,225.342854
cod_63_3_15_gadm2-8,cod_63_7_29_gadm2-8,2512.612679
cod_63_3_15_gadm2-8,cod_63_8_30_gadm2-8,171.254206
cod_63_3_15_gadm2-8,cod_63_8_31_gadm2-8,211.650620
cod_63_3_15_gadm2-8,cod_63_8_32_gadm2-8,757.914523
cod_63_3_15_gadm2-8,cod_63_8_33_gadm2-8,316.388256
cod_63_3_15_gadm2-8,cod_63_9_34_gadm2-8,180.289121
cod_63_3_15_gadm2-8,cod_63_9_35_gadm2-8,732.333993
cod_63_3_15_gadm2-8,cod_63_2_7_gadm2-8,99.060913
cod_63_3_15_gadm2-8,cod_63_2_8_gadm2-8,182.155491
cod_63_3_15_gadm2-8,cod_63_2_9_gadm2-8,241.674939
cod_63_3_15_gadm2-8,cod_63_2_10_gadm2-8,145.343941
cod_63_3_15_gadm2-8,cod_63_3_11_gadm2-8,973.874850
cod_63_3_15_gadm2-8,cod_63_3_12_gadm2-8,1410.504854
cod_63_3_15_gadm2-8,cod_63_3_13_gadm2-8,1163.337711
cod_63_3_15_gadm2-8,cod_63_3_14_gadm2-8,386.642099
cod_63_3_15_gadm2-8,cod_63_1_1_gadm2-8,126.554782
cod_63_3_15_gadm2-8,cod_63_1_2_gadm2-8,33.122136
cod_63_3_15_gadm2-8,cod_63_1_3_gadm2-8,182.705242
cod_63_3_15_gadm2-8,cod_63_1_4_gadm2-8,156.709195
cod_63_3_15_gadm2-8,cod_63_1_5_gadm2-8,177.725520
cod_63_3_15_gadm2-8,cod_63_1_6_gadm2-8,123.836338
cod_63_3_15_gadm2-8,cod_63_4_16_gadm2-8,39.722362
cod_63_3_15_gadm2-8,cod_63_4_17_gadm2-8,182.188763
cod_63_3_15_gadm2-8,cod_63_9_36_gadm2-8,361.000063
cod_63_3_15_gadm2-8,cod_63_9_37_gadm2-8,322.042209
cod_63_3_15_gadm2-8,cod_63_9_38_gadm2-8,188.835693
cod_63_1_1_gadm2-8,cod_63_4_18_gadm2-8,330.788908
cod_63_1_1_gadm2-8,cod_63_5_19_gadm2-8,342.520133
cod_63_1_1_gadm2-8,cod_63_5_20_gadm2-8,927.388056
cod_63_1_1_gadm2-8,cod_63_5_21_gadm2-8,319.643404
cod_63_1_1_gadm2-8,cod_63_5_22_gadm2-8,239.511205
cod_63_1_1_gadm2-8,cod_63_6_23_gadm2-8,417.549806
cod_63_1_1_gadm2-8,cod_63_6_24_gadm2-8,447.791865
cod_63_1_1_gadm2-8,cod_63_6_25_gadm2-8,455.513893
cod_63_1_1_gadm2-8,cod_63_6_26_gadm2-8,247.291928
cod_63_1_1_gadm2-8,cod_63_6_27_gadm2-8,367.059099
cod_63_1_1_gadm2-8,cod_63_6_28_gadm2-8,376.379351
cod_63_1_1_gadm2-8,cod_63_7_29_gadm2-8,2361.728783
cod_63_1_1_gadm2-8,cod_63_8_30_gadm2-8,245.235602
cod_63_1_1_gadm2-8,cod_63_8_31_gadm2-8,310.373128
cod_63_1_1_gadm2-8,cod_63_8_32_gadm2-8,1021.408121
cod_63_1_1_gadm2-8,cod_63_8_33_gadm2-8,460.177108
cod_63_1_1_gadm2-8,cod_63_9_34_gadm2-8,231.049244
cod_63_1_1_gadm2-8,cod_63_9_35_gadm2-8,927.825311
cod_63_1_1_gadm2-8,cod_63_2_7_gadm2-8,253.438675
cod_63_1_1_gadm2-8,cod_63_2_8_gadm2-8,282.619152
cod_63_1_1_gadm2-8,cod_63_2_9_gadm2-8,532.614681
cod_63_1_1_gadm2-8,cod_63_2_10_gadm2-8,964.436391
cod_63_1_1_gadm2-8,cod_63_3_11_gadm2-8,203.074823
cod_63_1_1_gadm2-8,cod_63_3_12_gadm2-8,176.421751
cod_63_1_1_gadm2-8,cod_63_3_13_gadm2-8,231.353078
cod_63_1_1_gadm2-8,cod_63_3_14_gadm2-8,202.574285
cod_63_1_1_gadm2-8,cod_63_3_15_gadm2-8,68.886376
cod_63_1_1_gadm2-8,cod_63_1_2_gadm2-8,1092.054048
cod_63_1_1_gadm2-8,cod_63_1_3_gadm2-8,901.510982
cod_63_1_1_gadm2-8,cod_63_1_4_gadm2-8,346.336827
cod_63_1_1_gadm2-8,cod_63_1_5_gadm2-8,1085.600902
cod_63_1_1_gadm2-8,cod_63_1_6_gadm2-8,759.298698
cod_63_1_1_gadm2-8,cod_63_4_16_gadm2-8,79.133363
cod_63_1_1_gadm2-8,cod_63_4_17_gadm2-8,433.015584
cod_63_1_1_gadm2-8,cod_63_9_36_gadm2-8,475.393304
cod_63_1_1_gadm2-8,cod_63_9_37_gadm2-8,479.995066
cod_63_1_1_gadm2-8,cod_63_9_38_gadm2-8,282.055675
cod_63_1_2_gadm2-8,cod_63_4_18_gadm2-8,139.058610
cod_63_1_2_gadm2-8,cod_63_5_19_gadm2-8,146.277845
cod_63_1_2_gadm2-8,cod_63_5_20_gadm2-8,392.603997
cod_63_1_2_gadm2-8,cod_63_5_21_gadm2-8,129.958414
cod_63_1_2_gadm2-8,cod_63_5_22_gadm2-8,101.256515
cod_63_1_2_gadm2-8,cod_63_6_23_gadm2-8,178.327381
cod_63_1_2_gadm2-8,cod_63_6_24_gadm2-8,191.064484
cod_63_1_2_gadm2-8,cod_63_6_25_gadm2-8,193.233016
cod_63_1_2_gadm2-8,cod_63_6_26_gadm2-8,104.108880
cod_63_1_2_gadm2-8,cod_63_6_27_gadm2-8,156.077810
cod_63_1_2_gadm2-8,cod_63_6_28_gadm2-8,162.976236
cod_63_1_2_gadm2-8,cod_63_7_29_gadm2-8,1088.247688
cod_63_1_2_gadm2-8,cod_63_8_30_gadm2-8,107.872637
cod_63_1_2_gadm2-8,cod_63_8_31_gadm2-8,133.780746
cod_63_1_2_gadm2-8,cod_63_8_32_gadm2-8,451.365616
cod_63_1_2_gadm2-8,cod_63_8_33_gadm2-8,201.691245
cod_63_1_2_gadm2-8,cod_63_9_34_gadm2-8,97.371174
cod_63_1_2_gadm2-8,cod_63_9_35_gadm2-8,412.774878
cod_63_1_2_gadm2-8,cod_63_2_7_gadm2-8,126.476072
cod_63_1_2_gadm2-8,cod_63_2_8_gadm2-8,121.607716
cod_63_1_2_gadm2-8,cod_63_2_9_gadm2-8,235.413167
cod_63_1_2_gadm2-8,cod_63_2_10_gadm2-8,339.612031
cod_63_1_2_gadm2-8,cod_63_3_11_gadm2-8,84.746746
cod_63_1_2_gadm2-8,cod_63_3_12_gadm2-8,72.272555
cod_63_1_2_gadm2-8,cod_63_3_13_gadm2-8,99.879593
cod_63_1_2_gadm2-8,cod_63_3_14_gadm2-8,90.133292
cod_63_1_2_gadm2-8,cod_63_3_15_gadm2-8,28.600274
cod_63_1_2_gadm2-8,cod_63_1_1_gadm2-8,1761.797976
cod_63_1_2_gadm2-8,cod_63_1_3_gadm2-8,199.243223
cod_63_1_2_gadm2-8,cod_63_1_4_gadm2-8,129.583959
cod_63_1_2_gadm2-8,cod_63_1_5_gadm2-8,245.058065
cod_63_1_2_gadm2-8,cod_63_1_6_gadm2-8,166.813176
cod_63_1_2_gadm2-8,cod_63_4_16_gadm2-8,33.199667
cod_63_1_2_gadm2-8,cod_63_4_17_gadm2-8,181.149371
cod_63_1_2_gadm2-8,cod_63_9_36_gadm2-8,211.146094
cod_63_1_2_gadm2-8,cod_63_9_37_gadm2-8,194.576050
cod_63_1_2_gadm2-8,cod_63_9_38_gadm2-8,114.290225
cod_63_1_3_gadm2-8,cod_63_4_18_gadm2-8,362.795610
cod_63_1_3_gadm2-8,cod_63_5_19_gadm2-8,372.810230
cod_63_1_3_gadm2-8,cod_63_5_20_gadm2-8,1017.152466
cod_63_1_3_gadm2-8,cod_63_5_21_gadm2-8,344.162488
cod_63_1_3_gadm2-8,cod_63_5_22_gadm2-8,263.020736
cod_63_1_3_gadm2-8,cod_63_6_23_gadm2-8,460.453898
cod_63_1_3_gadm2-8,cod_63_6_24_gadm2-8,484.507302
cod_63_1_3_gadm2-8,cod_63_6_25_gadm2-8,510.950285
cod_63_1_3_gadm2-8,cod_63_6_26_gadm2-8,289.923834
cod_63_1_3_gadm2-8,cod_63_6_27_gadm2-8,402.270279
cod_63_1_3_gadm2-8,cod_63_6_28_gadm2-8,385.490922
cod_63_1_3_gadm2-8,cod_63_7_29_gadm2-8,2301.396200
cod_63_1_3_gadm2-8,cod_63_8_30_gadm2-8,234.071154
cod_63_1_3_gadm2-8,cod_63_8_31_gadm2-8,328.292261
cod_63_1_3_gadm2-8,cod_63_8_32_gadm2-8,974.133310
cod_63_1_3_gadm2-8,cod_63_8_33_gadm2-8,448.898244
cod_63_1_3_gadm2-8,cod_63_9_34_gadm2-8,557.184199
cod_63_1_3_gadm2-8,cod_63_9_35_gadm2-8,861.950222
cod_63_1_3_gadm2-8,cod_63_2_7_gadm2-8,173.335574
cod_63_1_3_gadm2-8,cod_63_2_8_gadm2-8,321.681131
cod_63_1_3_gadm2-8,cod_63_2_9_gadm2-8,459.629279
cod_63_1_3_gadm2-8,cod_63_2_10_gadm2-8,340.095209
cod_63_1_3_gadm2-8,cod_63_3_11_gadm2-8,269.648203
cod_63_1_3_gadm2-8,cod_63_3_12_gadm2-8,239.010709
cod_63_1_3_gadm2-8,cod_63_3_13_gadm2-8,288.812970
cod_63_1_3_gadm2-8,cod_63_3_14_gadm2-8,228.589875
cod_63_1_3_gadm2-8,cod_63_3_15_gadm2-8,91.806795
cod_63_1_3_gadm2-8,cod_63_1_1_gadm2-8,833.133477
cod_63_1_3_gadm2-8,cod_63_1_2_gadm2-8,115.951388
cod_63_1_3_gadm2-8,cod_63_1_4_gadm2-8,1976.880468
cod_63_1_3_gadm2-8,cod_63_1_5_gadm2-8,1696.071339
cod_63_1_3_gadm2-8,cod_63_1_6_gadm2-8,950.681470
cod_63_1_3_gadm2-8,cod_63_4_16_gadm2-8,85.321823
cod_63_1_3_gadm2-8,cod_63_4_17_gadm2-8,412.703129
cod_63_1_3_gadm2-8,cod_63_9_36_gadm2-8,426.688472
cod_63_1_3_gadm2-8,cod_63_9_37_gadm2-8,741.876009
cod_63_1_3_gadm2-8,cod_63_9_38_gadm2-8,642.935222
cod_63_1_4_gadm2-8,cod_63_4_18_gadm2-8,351.096441
cod_63_1_4_gadm2-8,cod_63_5_19_gadm2-8,365.668920
cod_63_1_4_gadm2-8,cod_63_5_20_gadm2-8,988.699104
cod_63_1_4_gadm2-8,cod_63_5_21_gadm2-8,274.444652
cod_63_1_4_gadm2-8,cod_63_5_22_gadm2-8,256.017668
cod_63_1_4_gadm2-8,cod_63_6_23_gadm2-8,453.939517
cod_63_1_4_gadm2-8,cod_63_6_24_gadm2-8,465.664444
cod_63_1_4_gadm2-8,cod_63_6_25_gadm2-8,495.488036
cod_63_1_4_gadm2-8,cod_63_6_26_gadm2-8,284.702742
cod_63_1_4_gadm2-8,cod_63_6_27_gadm2-8,384.485243
cod_63_1_4_gadm2-8,cod_63_6_28_gadm2-8,376.642340
cod_63_1_4_gadm2-8,cod_63_7_29_gadm2-8,2136.425709
cod_63_1_4_gadm2-8,cod_63_8_30_gadm2-8,221.096519
cod_63_1_4_gadm2-8,cod_63_8_31_gadm2-8,293.414280
cod_63_1_4_gadm2-8,cod_63_8_32_gadm2-8,875.040466
cod_63_1_4_gadm2-8,cod_63_8_33_gadm2-8,426.544859
cod_63_1_4_gadm2-8,cod_63_9_34_gadm2-8,465.497921
cod_63_1_4_gadm2-8,cod_63_9_35_gadm2-8,738.195914
cod_63_1_4_gadm2-8,cod_63_2_7_gadm2-8,147.791158
cod_63_1_4_gadm2-8,cod_63_2_8_gadm2-8,309.916441
cod_63_1_4_gadm2-8,cod_63_2_9_gadm2-8,417.171142
cod_63_1_4_gadm2-8,cod_63_2_10_gadm2-8,260.606072
cod_63_1_4_gadm2-8,cod_63_3_11_gadm2-8,248.867125
cod_63_1_4_gadm2-8,cod_63_3_12_gadm2-8,220.703163
cod_63_1_4_gadm2-8,cod_63_3_13_gadm2-8,269.601245
cod_63_1_4_gadm2-8,cod_63_3_14_gadm2-8,215.185974
cod_63_1_4_gadm2-8,cod_63_3_15_gadm2-8,85.328920
cod_63_1_4_gadm2-8,cod_63_1_1_gadm2-8,346.826522
cod_63_1_4_gadm2-8,cod_63_1_2_gadm2-8,81.757521
cod_63_1_4_gadm2-8,cod_63_1_3_gadm2-8,2144.812245
cod_63_1_4_gadm2-8,cod_63_1_5_gadm2-8,2096.434989
cod_63_1_4_gadm2-8,cod_63_1_6_gadm2-8,285.420387
cod_63_1_4_gadm2-8,cod_63_4_16_gadm2-8,81.588268
cod_63_1_4_gadm2-8,cod_63_4_17_gadm2-8,368.364568
cod_63_1_4_gadm2-8,cod_63_9_36_gadm2-8,376.839070
cod_63_1_4_gadm2-8,cod_63_9_37_gadm2-8,498.245272
cod_63_1_4_gadm2-8,cod_63_9_38_gadm2-8,291.563716
cod_63_1_5_gadm2-8,cod_63_4_18_gadm2-8,422.270959
cod_63_1_5_gadm2-8,cod_63_5_19_gadm2-8,452.987670
cod_63_1_5_gadm2-8,cod_63_5_20_gadm2-8,1207.952950
cod_63_1_5_gadm2-8,cod_63_5_21_gadm2-8,339.434587
cod_63_1_5_gadm2-8,cod_63_5_22_gadm2-8,312.335764
cod_63_1_5_gadm2-8,cod_63_6_23_gadm2-8,561.861083
cod_63_1_5_gadm2-8,cod_63_6_24_gadm2-8,581.380362
cod_63_1_5_gadm2-8,cod_63_6_25_gadm2-8,608.665556
cod_63_1_5_gadm2-8,cod_63_6_26_gadm2-8,342.536230
cod_63_1_5_gadm2-8,cod_63_6_27_gadm2-8,476.905483
cod_63_1_5_gadm2-8,cod_63_6_28_gadm2-8,482.795168
cod_63_1_5_gadm2-8,cod_63_7_29_gadm2-8,2400.421049
cod_63_1_5_gadm2-8,cod_63_8_30_gadm2-8,295.729937
cod_63_1_5_gadm2-8,cod_63_8_31_gadm2-8,378.505986
cod_63_1_5_gadm2-8,cod_63_8_32_gadm2-8,1182.441563
cod_63_1_5_gadm2-8,cod_63_8_33_gadm2-8,564.486658
cod_63_1_5_gadm2-8,cod_63_9_34_gadm2-8,286.323996
cod_63_1_5_gadm2-8,cod_63_9_35_gadm2-8,984.804025
cod_63_1_5_gadm2-8,cod_63_2_7_gadm2-8,184.527939
cod_63_1_5_gadm2-8,cod_63_2_8_gadm2-8,350.234240
cod_63_1_5_gadm2-8,cod_63_2_9_gadm2-8,490.025961
cod_63_1_5_gadm2-8,cod_63_2_10_gadm2-8,351.044873
cod_63_1_5_gadm2-8,cod_63_3_11_gadm2-8,268.913359
cod_63_1_5_gadm2-8,cod_63_3_12_gadm2-8,239.358911
cod_63_1_5_gadm2-8,cod_63_3_13_gadm2-8,293.327079
cod_63_1_5_gadm2-8,cod_63_3_14_gadm2-8,237.445611
cod_63_1_5_gadm2-8,cod_63_3_15_gadm2-8,92.691105
cod_63_1_5_gadm2-8,cod_63_1_1_gadm2-8,1041.114042
cod_63_1_5_gadm2-8,cod_63_1_2_gadm2-8,147.949025
cod_63_1_5_gadm2-8,cod_63_1_3_gadm2-8,1761.480700
cod_63_1_5_gadm2-8,cod_63_1_4_gadm2-8,2008.516208
cod_63_1_5_gadm2-8,cod_63_1_6_gadm2-8,358.531965
cod_63_1_5_gadm2-8,cod_63_4_16_gadm2-8,98.402478
cod_63_1_5_gadm2-8,cod_63_4_17_gadm2-8,442.278619
cod_63_1_5_gadm2-8,cod_63_9_36_gadm2-8,521.313408
cod_63_1_5_gadm2-8,cod_63_9_37_gadm2-8,540.962742
cod_63_1_5_gadm2-8,cod_63_9_38_gadm2-8,317.435407
cod_63_1_6_gadm2-8,cod_63_4_18_gadm2-8,340.798154
cod_63_1_6_gadm2-8,cod_63_5_19_gadm2-8,314.748568
cod_63_1_6_gadm2-8,cod_63_5_20_gadm2-8,930.181462
cod_63_1_6_gadm2-8,cod_63_5_21_gadm2-8,733.951468
cod_63_1_6_gadm2-8,cod_63_5_22_gadm2-8,238.732438
cod_63_1_6_gadm2-8,cod_63_6_23_gadm2-8,322.210903
cod_63_1_6_gadm2-8,cod_63_6_24_gadm2-8,339.094908
cod_63_1_6_gadm2-8,cod_63_6_25_gadm2-8,350.546388
cod_63_1_6_gadm2-8,cod_63_6_26_gadm2-8,198.425640
cod_63_1_6_gadm2-8,cod_63_6_27_gadm2-8,283.109866
cod_63_1_6_gadm2-8,cod_63_6_28_gadm2-8,276.412650
cod_63_1_6_gadm2-8,cod_63_7_29_gadm2-8,1886.816994
cod_63_1_6_gadm2-8,cod_63_8_30_gadm2-8,189.994122
cod_63_1_6_gadm2-8,cod_63_8_31_gadm2-8,329.547566
cod_63_1_6_gadm2-8,cod_63_8_32_gadm2-8,826.595784
cod_63_1_6_gadm2-8,cod_63_8_33_gadm2-8,369.049047
cod_63_1_6_gadm2-8,cod_63_9_34_gadm2-8,239.431924
cod_63_1_6_gadm2-8,cod_63_9_35_gadm2-8,731.463328
cod_63_1_6_gadm2-8,cod_63_2_7_gadm2-8,176.154586
cod_63_1_6_gadm2-8,cod_63_2_8_gadm2-8,253.464601
cod_63_1_6_gadm2-8,cod_63_2_9_gadm2-8,469.067750
cod_63_1_6_gadm2-8,cod_63_2_10_gadm2-8,595.898246
cod_63_1_6_gadm2-8,cod_63_3_11_gadm2-8,205.125057
cod_63_1_6_gadm2-8,cod_63_3_12_gadm2-8,180.651003
cod_63_1_6_gadm2-8,cod_63_3_13_gadm2-8,218.780699
cod_63_1_6_gadm2-8,cod_63_3_14_gadm2-8,177.062042
cod_63_1_6_gadm2-8,cod_63_3_15_gadm2-8,68.917592
cod_63_1_6_gadm2-8,cod_63_1_1_gadm2-8,777.906229
cod_63_1_6_gadm2-8,cod_63_1_2_gadm2-8,107.622721
cod_63_1_6_gadm2-8,cod_63_1_3_gadm2-8,1054.947016
cod_63_1_6_gadm2-8,cod_63_1_4_gadm2-8,292.252126
cod_63_1_6_gadm2-8,cod_63_1_5_gadm2-8,383.293329
cod_63_1_6_gadm2-8,cod_63_4_16_gadm2-8,85.021465
cod_63_1_6_gadm2-8,cod_63_4_17_gadm2-8,726.227161
cod_63_1_6_gadm2-8,cod_63_9_36_gadm2-8,361.208708
cod_63_1_6_gadm2-8,cod_63_9_37_gadm2-8,693.665823
cod_63_1_6_gadm2-8,cod_63_9_38_gadm2-8,606.415832
cod_63_4_16_gadm2-8,cod_63_4_18_gadm2-8,3447.666245
cod_63_4_16_gadm2-8,cod_63_5_19_gadm2-8,738.680128
cod_63_4_16_gadm2-8,cod_63_5_20_gadm2-8,3149.928597
cod_63_4_16_gadm2-8,cod_63_5_21_gadm2-8,473.377432
cod_63_4_16_gadm2-8,cod_63_5_22_gadm2-8,853.529598
cod_63_4_16_gadm2-8,cod_63_6_23_gadm2-8,311.185996
cod_63_4_16_gadm2-8,cod_63_6_24_gadm2-8,162.893386
cod_63_4_16_gadm2-8,cod_63_6_25_gadm2-8,207.123568
cod_63_4_16_gadm2-8,cod_63_6_26_gadm2-8,196.324287
cod_63_4_16_gadm2-8,cod_63_6_27_gadm2-8,126.647377
cod_63_4_16_gadm2-8,cod_63_6_28_gadm2-8,179.580759
cod_63_4_16_gadm2-8,cod_63_7_29_gadm2-8,1163.017985
cod_63_4_16_gadm2-8,cod_63_8_30_gadm2-8,116.163131
cod_63_4_16_gadm2-8,cod_63_8_31_gadm2-8,215.206751
cod_63_4_16_gadm2-8,cod_63_8_32_gadm2-8,508.265737
cod_63_4_16_gadm2-8,cod_63_8_33_gadm2-8,232.334932
cod_63_4_16_gadm2-8,cod_63_9_34_gadm2-8,143.690579
cod_63_4_16_gadm2-8,cod_63_9_35_gadm2-8,549.228591
cod_63_4_16_gadm2-8,cod_63_2_7_gadm2-8,98.154375
cod_63_4_16_gadm2-8,cod_63_2_8_gadm2-8,202.346056
cod_63_4_16_gadm2-8,cod_63_2_9_gadm2-8,357.909705
cod_63_4_16_gadm2-8,cod_63_2_10_gadm2-8,190.030420
cod_63_4_16_gadm2-8,cod_63_3_11_gadm2-8,121.596181
cod_63_4_16_gadm2-8,cod_63_3_12_gadm2-8,104.738271
cod_63_4_16_gadm2-8,cod_63_3_13_gadm2-8,129.639705
cod_63_4_16_gadm2-8,cod_63_3_14_gadm2-8,108.606174
cod_63_4_16_gadm2-8,cod_63_3_15_gadm2-8,39.814135
cod_63_4_16_gadm2-8,cod_63_1_1_gadm2-8,145.988049
cod_63_4_16_gadm2-8,cod_63_1_2_gadm2-8,38.609773
cod_63_4_16_gadm2-8,cod_63_1_3_gadm2-8,170.490786
cod_63_4_16_gadm2-8,cod_63_1_4_gadm2-8,150.453379
cod_63_4_16_gadm2-8,cod_63_1_5_gadm2-8,189.451459
cod_63_4_16_gadm2-8,cod_63_1_6_gadm2-8,153.265120
cod_63_4_16_gadm2-8,cod_63_4_17_gadm2-8,1150.725763
cod_63_4_16_gadm2-8,cod_63_9_36_gadm2-8,255.465038
cod_63_4_16_gadm2-8,cod_63_9_37_gadm2-8,255.979935
cod_63_4_16_gadm2-8,cod_63_9_38_gadm2-8,150.541268
cod_63_4_17_gadm2-8,cod_63_4_18_gadm2-8,3253.919289
cod_63_4_17_gadm2-8,cod_63_5_19_gadm2-8,695.607067
cod_63_4_17_gadm2-8,cod_63_5_20_gadm2-8,3169.455315
cod_63_4_17_gadm2-8,cod_63_5_21_gadm2-8,1382.236820
cod_63_4_17_gadm2-8,cod_63_5_22_gadm2-8,845.061988
cod_63_4_17_gadm2-8,cod_63_6_23_gadm2-8,530.269531
cod_63_4_17_gadm2-8,cod_63_6_24_gadm2-8,400.042545
cod_63_4_17_gadm2-8,cod_63_6_25_gadm2-8,431.536819
cod_63_4_17_gadm2-8,cod_63_6_26_gadm2-8,347.043343
cod_63_4_17_gadm2-8,cod_63_6_27_gadm2-8,323.573877
cod_63_4_17_gadm2-8,cod_63_6_28_gadm2-8,385.714376
cod_63_4_17_gadm2-8,cod_63_7_29_gadm2-8,3248.303531
cod_63_4_17_gadm2-8,cod_63_8_30_gadm2-8,278.896173
cod_63_4_17_gadm2-8,cod_63_8_31_gadm2-8,451.338539
cod_63_4_17_gadm2-8,cod_63_8_32_gadm2-8,1244.149538
cod_63_4_17_gadm2-8,cod_63_8_33_gadm2-8,531.227992
cod_63_4_17_gadm2-8,cod_63_9_34_gadm2-8,331.410888
cod_63_4_17_gadm2-8,cod_63_9_35_gadm2-8,1315.878601
cod_63_4_17_gadm2-8,cod_63_2_7_gadm2-8,313.016911
cod_63_4_17_gadm2-8,cod_63_2_8_gadm2-8,921.327557
cod_63_4_17_gadm2-8,cod_63_2_9_gadm2-8,2709.312484
cod_63_4_17_gadm2-8,cod_63_2_10_gadm2-8,990.921051
cod_63_4_17_gadm2-8,cod_63_3_11_gadm2-8,267.564554
cod_63_4_17_gadm2-8,cod_63_3_12_gadm2-8,229.414214
cod_63_4_17_gadm2-8,cod_63_3_13_gadm2-8,306.911187
cod_63_4_17_gadm2-8,cod_63_3_14_gadm2-8,292.075190
cod_63_4_17_gadm2-8,cod_63_3_15_gadm2-8,89.504302
cod_63_4_17_gadm2-8,cod_63_1_1_gadm2-8,391.580355
cod_63_4_17_gadm2-8,cod_63_1_2_gadm2-8,103.187354
cod_63_4_17_gadm2-8,cod_63_1_3_gadm2-8,404.231101
cod_63_4_17_gadm2-8,cod_63_1_4_gadm2-8,332.966235
cod_63_4_17_gadm2-8,cod_63_1_5_gadm2-8,417.387779
cod_63_4_17_gadm2-8,cod_63_1_6_gadm2-8,641.592553
cod_63_4_17_gadm2-8,cod_63_4_16_gadm2-8,563.669115
cod_63_4_17_gadm2-8,cod_63_9_36_gadm2-8,625.840273
cod_63_4_17_gadm2-8,cod_63_9_37_gadm2-8,611.579175
cod_63_4_17_gadm2-8,cod_63_9_38_gadm2-8,359.829535
cod_63_9_36_gadm2-8,cod_63_4_18_gadm2-8,561.560631
cod_63_9_36_gadm2-8,cod_63_5_19_gadm2-8,507.920325
cod_63_9_36_gadm2-8,cod_63_5_20_gadm2-8,1473.402290
cod_63_9_36_gadm2-8,cod_63_5_21_gadm2-8,423.936064
cod_63_9_36_gadm2-8,cod_63_5_22_gadm2-8,383.251627
cod_63_9_36_gadm2-8,cod_63_6_23_gadm2-8,597.005821
cod_63_9_36_gadm2-8,cod_63_6_24_gadm2-8,566.745253
cod_63_9_36_gadm2-8,cod_63_6_25_gadm2-8,660.755050
cod_63_9_36_gadm2-8,cod_63_6_26_gadm2-8,423.914034
cod_63_9_36_gadm2-8,cod_63_6_27_gadm2-8,484.058539
cod_63_9_36_gadm2-8,cod_63_6_28_gadm2-8,426.303150
cod_63_9_36_gadm2-8,cod_63_7_29_gadm2-8,4818.779914
cod_63_9_36_gadm2-8,cod_63_8_30_gadm2-8,414.348840
cod_63_9_36_gadm2-8,cod_63_8_31_gadm2-8,478.377690
cod_63_9_36_gadm2-8,cod_63_8_32_gadm2-8,6130.475437
cod_63_9_36_gadm2-8,cod_63_8_33_gadm2-8,697.102318
cod_63_9_36_gadm2-8,cod_63_9_34_gadm2-8,424.196744
cod_63_9_36_gadm2-8,cod_63_9_35_gadm2-8,8681.552268
cod_63_9_36_gadm2-8,cod_63_2_7_gadm2-8,326.552837
cod_63_9_36_gadm2-8,cod_63_2_8_gadm2-8,617.848939
cod_63_9_36_gadm2-8,cod_63_2_9_gadm2-8,854.393985
cod_63_9_36_gadm2-8,cod_63_2_10_gadm2-8,528.488275
cod_63_9_36_gadm2-8,cod_63_3_11_gadm2-8,554.810692
cod_63_9_36_gadm2-8,cod_63_3_12_gadm2-8,481.663287
cod_63_9_36_gadm2-8,cod_63_3_13_gadm2-8,598.947152
cod_63_9_36_gadm2-8,cod_63_3_14_gadm2-8,472.816411
cod_63_9_36_gadm2-8,cod_63_3_15_gadm2-8,185.926667
cod_63_9_36_gadm2-8,cod_63_1_1_gadm2-8,450.948310
cod_63_9_36_gadm2-8,cod_63_1_2_gadm2-8,126.124287
cod_63_9_36_gadm2-8,cod_63_1_3_gadm2-8,437.970840
cod_63_9_36_gadm2-8,cod_63_1_4_gadm2-8,357.308719
cod_63_9_36_gadm2-8,cod_63_1_5_gadm2-8,516.058770
cod_63_9_36_gadm2-8,cod_63_1_6_gadm2-8,334.801279
cod_63_9_36_gadm2-8,cod_63_4_16_gadm2-8,131.471554
cod_63_9_36_gadm2-8,cod_63_4_17_gadm2-8,657.094050
cod_63_9_36_gadm2-8,cod_63_9_37_gadm2-8,888.370411
cod_63_9_36_gadm2-8,cod_63_9_38_gadm2-8,770.247778
cod_63_9_37_gadm2-8,cod_63_4_18_gadm2-8,389.855604
cod_63_9_37_gadm2-8,cod_63_5_19_gadm2-8,395.104122
cod_63_9_37_gadm2-8,cod_63_5_20_gadm2-8,1099.988942
cod_63_9_37_gadm2-8,cod_63_5_21_gadm2-8,490.155444
cod_63_9_37_gadm2-8,cod_63_5_22_gadm2-8,282.788089
cod_63_9_37_gadm2-8,cod_63_6_23_gadm2-8,427.071239
cod_63_9_37_gadm2-8,cod_63_6_24_gadm2-8,433.864518
cod_63_9_37_gadm2-8,cod_63_6_25_gadm2-8,475.372251
cod_63_9_37_gadm2-8,cod_63_6_26_gadm2-8,284.620483
cod_63_9_37_gadm2-8,cod_63_6_27_gadm2-8,368.844687
cod_63_9_37_gadm2-8,cod_63_6_28_gadm2-8,345.919862
cod_63_9_37_gadm2-8,cod_63_7_29_gadm2-8,2904.639075
cod_63_9_37_gadm2-8,cod_63_8_30_gadm2-8,320.496518
cod_63_9_37_gadm2-8,cod_63_8_31_gadm2-8,572.667671
cod_63_9_37_gadm2-8,cod_63_8_32_gadm2-8,1772.983161
cod_63_9_37_gadm2-8,cod_63_8_33_gadm2-8,610.838377
cod_63_9_37_gadm2-8,cod_63_9_34_gadm2-8,564.875953
cod_63_9_37_gadm2-8,cod_63_9_35_gadm2-8,1308.300691
cod_63_9_37_gadm2-8,cod_63_2_7_gadm2-8,194.913580
cod_63_9_37_gadm2-8,cod_63_2_8_gadm2-8,376.919403
cod_63_9_37_gadm2-8,cod_63_2_9_gadm2-8,518.755683
cod_63_9_37_gadm2-8,cod_63_2_10_gadm2-8,331.897373
cod_63_9_37_gadm2-8,cod_63_3_11_gadm2-8,351.838854
cod_63_9_37_gadm2-8,cod_63_3_12_gadm2-8,308.181275
cod_63_9_37_gadm2-8,cod_63_3_13_gadm2-8,373.137101
cod_63_9_37_gadm2-8,cod_63_3_14_gadm2-8,289.075025
cod_63_9_37_gadm2-8,cod_63_3_15_gadm2-8,117.936981
cod_63_9_37_gadm2-8,cod_63_1_1_gadm2-8,323.675512
cod_63_9_37_gadm2-8,cod_63_1_2_gadm2-8,82.654285
cod_63_9_37_gadm2-8,cod_63_1_3_gadm2-8,541.404129
cod_63_9_37_gadm2-8,cod_63_1_4_gadm2-8,335.828652
cod_63_9_37_gadm2-8,cod_63_1_5_gadm2-8,380.698093
cod_63_9_37_gadm2-8,cod_63_1_6_gadm2-8,457.088518
cod_63_9_37_gadm2-8,cod_63_4_16_gadm2-8,93.547888
cod_63_9_37_gadm2-8,cod_63_4_17_gadm2-8,456.514478
cod_63_9_37_gadm2-8,cod_63_9_36_gadm2-8,632.321949
cod_63_9_37_gadm2-8,cod_63_9_38_gadm2-8,8098.766093
cod_63_9_38_gadm2-8,cod_63_4_18_gadm2-8,341.696233
cod_63_9_38_gadm2-8,cod_63_5_19_gadm2-8,346.856999
cod_63_9_38_gadm2-8,cod_63_5_20_gadm2-8,965.469021
cod_63_9_38_gadm2-8,cod_63_5_21_gadm2-8,640.999379
cod_63_9_38_gadm2-8,cod_63_5_22_gadm2-8,248.125329
cod_63_9_38_gadm2-8,cod_63_6_23_gadm2-8,373.206172
cod_63_9_38_gadm2-8,cod_63_6_24_gadm2-8,378.840527
cod_63_9_38_gadm2-8,cod_63_6_25_gadm2-8,415.031765
cod_63_9_38_gadm2-8,cod_63_6_26_gadm2-8,248.505022
cod_63_9_38_gadm2-8,cod_63_6_27_gadm2-8,322.133229
cod_63_9_38_gadm2-8,cod_63_6_28_gadm2-8,302.886337
cod_63_9_38_gadm2-8,cod_63_7_29_gadm2-8,2542.434979
cod_63_9_38_gadm2-8,cod_63_8_30_gadm2-8,282.365107
cod_63_9_38_gadm2-8,cod_63_8_31_gadm2-8,751.722304
cod_63_9_38_gadm2-8,cod_63_8_32_gadm2-8,2308.117154
cod_63_9_38_gadm2-8,cod_63_8_33_gadm2-8,538.633921
cod_63_9_38_gadm2-8,cod_63_9_34_gadm2-8,716.808281
cod_63_9_38_gadm2-8,cod_63_9_35_gadm2-8,1686.149554
cod_63_9_38_gadm2-8,cod_63_2_7_gadm2-8,170.563419
cod_63_9_38_gadm2-8,cod_63_2_8_gadm2-8,329.371454
cod_63_9_38_gadm2-8,cod_63_2_9_gadm2-8,453.782582
cod_63_9_38_gadm2-8,cod_63_2_10_gadm2-8,290.741650
cod_63_9_38_gadm2-8,cod_63_3_11_gadm2-8,307.772396
cod_63_9_38_gadm2-8,cod_63_3_12_gadm2-8,269.583307
cod_63_9_38_gadm2-8,cod_63_3_13_gadm2-8,326.323806
cod_63_9_38_gadm2-8,cod_63_3_14_gadm2-8,252.750421
cod_63_9_38_gadm2-8,cod_63_3_15_gadm2-8,103.153580
cod_63_9_38_gadm2-8,cod_63_1_1_gadm2-8,283.655158
cod_63_9_38_gadm2-8,cod_63_1_2_gadm2-8,72.429361
cod_63_9_38_gadm2-8,cod_63_1_3_gadm2-8,699.612172
cod_63_9_38_gadm2-8,cod_63_1_4_gadm2-8,293.082295
cod_63_9_38_gadm2-8,cod_63_1_5_gadm2-8,333.142981
cod_63_9_38_gadm2-8,cod_63_1_6_gadm2-8,595.831785
cod_63_9_38_gadm2-8,cod_63_4_16_gadm2-8,82.062326
cod_63_9_38_gadm2-8,cod_63_4_17_gadm2-8,400.532585
cod_63_9_38_gadm2-8,cod_63_9_36_gadm2-8,817.466344
cod_63_9_38_gadm2-8,cod_63_9_37_gadm2-8,11998.963550
